{"type": "FeatureCollection", "features": [{"type": "Feature", "properties": {"id": "banyu-urip-indonesia", "name": "Banyu Urip, Indonesia", "cable_id": "1956"}, "geometry": {"type": "Point", "coordinates": [112.719679, -7.271911]}}, {"type": "Feature", "properties": {"id": "kendal-indonesia", "name": "Kendal, Indonesia", "cable_id": "1956"}, "geometry": {"type": "Point", "coordinates": [110.187918, -7.02655]}}, {"type": "Feature", "properties": {"id": "cirebon-indonesia", "name": "Cirebon, Indonesia", "cable_id": "1956"}, "geometry": {"type": "Point", "coordinates": [108.566678, -6.716662]}}, {"type": "Feature", "properties": {"id": "candi-kusuma-indonesia", "name": "Candi Kusuma, Indonesia", "cable_id": "1955"}, "geometry": {"type": "Point", "coordinates": [114.527247, -8.294567]}}, {"type": "Feature", "properties": {"id": "muncar-indonesia", "name": "Muncar, Indonesia", "cable_id": "1955"}, "geometry": {"type": "Point", "coordinates": [114.310377, -8.448009]}}, {"type": "Feature", "properties": {"id": "pangai-tonga", "name": "Pangai, Tonga", "cable_id": "1951"}, "geometry": {"type": "Point", "coordinates": [-174.350261, -19.811431]}}, {"type": "Feature", "properties": {"id": "neiafu-tonga", "name": "Neiafu, Tonga", "cable_id": "1951"}, "geometry": {"type": "Point", "coordinates": [-173.983685, -18.647687]}}, {"type": "Feature", "properties": {"id": "nukualofa-tonga", "name": "Nukualofa, Tonga", "cable_id": "1951"}, "geometry": {"type": "Point", "coordinates": [-175.204947, -21.139336]}}, {"type": "Feature", "properties": {"id": "st-austell-united-kingdom", "name": "St. Austell, United Kingdom", "cable_id": "1043"}, "geometry": {"type": "Point", "coordinates": [-4.792301, 50.337425]}}, {"type": "Feature", "properties": {"id": "kekaha-hawaii-united-states", "name": "Kekaha, Hawaii, United States", "cable_id": "1948"}, "geometry": {"type": "Point", "coordinates": [-159.7242, 21.970299]}}, {"type": "Feature", "properties": {"id": "kawaihae-hawaii-united-states", "name": "Kawaihae, Hawaii, United States", "cable_id": "1948"}, "geometry": {"type": "Point", "coordinates": [-155.831236, 20.040295]}}, {"type": "Feature", "properties": {"id": "makaha-hawaii-united-states", "name": "Makaha, Hawaii, United States", "cable_id": "1948"}, "geometry": {"type": "Point", "coordinates": [-158.206035, 21.460766]}}, {"type": "Feature", "properties": {"id": "makena-hawaii-united-states", "name": "Makena, Hawaii, United States", "cable_id": "1948"}, "geometry": {"type": "Point", "coordinates": [-156.439999, 20.663598]}}, {"type": "Feature", "properties": {"id": "lahaina-hawaii-united-states", "name": "Lahaina, Hawaii, United States", "cable_id": "1948"}, "geometry": {"type": "Point", "coordinates": [-156.6845, 20.900903]}}, {"type": "Feature", "properties": {"id": "kaunakakai-hawaii-united-states", "name": "Kaunakakai, Hawaii, United States", "cable_id": "1948"}, "geometry": {"type": "Point", "coordinates": [-157.023889, 21.093335]}}, {"type": "Feature", "properties": {"id": "hawaii-kai-hawaii-united-states", "name": "Hawaii Kai,  Hawaii, United States", "cable_id": "1948"}, "geometry": {"type": "Point", "coordinates": [-157.6689, 21.271997]}}, {"type": "Feature", "properties": {"id": "rst-norway", "name": "R\u00f8st, Norway", "cable_id": "1950"}, "geometry": {"type": "Point", "coordinates": [12.070118, 67.502565]}}, {"type": "Feature", "properties": {"id": "bod-norway", "name": "Bod\u00f8, Norway", "cable_id": "1950"}, "geometry": {"type": "Point", "coordinates": [14.400073, 67.286]}}, {"type": "Feature", "properties": {"id": "golden-bay-malta", "name": "Golden Bay, Malta", "cable_id": "1947"}, "geometry": {"type": "Point", "coordinates": [14.344458, 35.938701]}}, {"type": "Feature", "properties": {"id": "mgarr-ix-xini-malta", "name": "Mgarr Ix-Xini, Malta", "cable_id": "1947"}, "geometry": {"type": "Point", "coordinates": [14.271325, 36.020451]}}, {"type": "Feature", "properties": {"id": "la-cambuse-mauritius", "name": "La Cambuse, Mauritius", "cable_id": "1901"}, "geometry": {"type": "Point", "coordinates": [57.69932, -20.454278]}}, {"type": "Feature", "properties": {"id": "grand-baie-rodrigues-mauritius", "name": "Grand Baie (Rodrigues), Mauritius", "cable_id": "1901"}, "geometry": {"type": "Point", "coordinates": [63.448218, -19.674346]}}, {"type": "Feature", "properties": {"id": "grand-baie-rodrigues-mauritius", "name": "Grand Baie (Rodrigues), Mauritius", "cable_id": "1935"}, "geometry": {"type": "Point", "coordinates": [63.448218, -19.674346]}}, {"type": "Feature", "properties": {"id": "grand-baie-mauritius", "name": "Grand-Baie, Mauritius", "cable_id": "1935"}, "geometry": {"type": "Point", "coordinates": [57.580155, -20.018389]}}, {"type": "Feature", "properties": {"id": "hao-french-polynesia", "name": "Hao, French Polynesia", "cable_id": "1916"}, "geometry": {"type": "Point", "coordinates": [-140.90809, -18.215753]}}, {"type": "Feature", "properties": {"id": "manado-indonesia", "name": "Manado, Indonesia", "cable_id": "1940"}, "geometry": {"type": "Point", "coordinates": [124.83962, 1.490829]}}, {"type": "Feature", "properties": {"id": "ondong-siau-indonesia", "name": "Ondong Siau, Indonesia", "cable_id": "1940"}, "geometry": {"type": "Point", "coordinates": [125.372969, 2.754598]}}, {"type": "Feature", "properties": {"id": "tahuna-indonesia", "name": "Tahuna, Indonesia", "cable_id": "1940"}, "geometry": {"type": "Point", "coordinates": [125.485518, 3.611116]}}, {"type": "Feature", "properties": {"id": "melonguane-indonesia", "name": "Melonguane, Indonesia", "cable_id": "1940"}, "geometry": {"type": "Point", "coordinates": [126.71728, 4.043001]}}, {"type": "Feature", "properties": {"id": "morotai-indonesia", "name": "Morotai, Indonesia", "cable_id": "1940"}, "geometry": {"type": "Point", "coordinates": [128.400824, 2.365658]}}, {"type": "Feature", "properties": {"id": "tobelo-indonesia", "name": "Tobelo, Indonesia", "cable_id": "1940"}, "geometry": {"type": "Point", "coordinates": [127.967865, 1.714584]}}, {"type": "Feature", "properties": {"id": "terante-indonesia", "name": "Terante, Indonesia", "cable_id": "1940"}, "geometry": {"type": "Point", "coordinates": [127.361347, 0.79581]}}, {"type": "Feature", "properties": {"id": "sofifi-indonesia", "name": "Sofifi, Indonesia", "cable_id": "1940"}, "geometry": {"type": "Point", "coordinates": [127.561445, 0.73497]}}, {"type": "Feature", "properties": {"id": "tidore-indonesia", "name": "Tidore, Indonesia", "cable_id": "1940"}, "geometry": {"type": "Point", "coordinates": [127.404096, 0.674008]}}, {"type": "Feature", "properties": {"id": "luwuk-indonesia", "name": "Luwuk, Indonesia", "cable_id": "1940"}, "geometry": {"type": "Point", "coordinates": [122.792795, -0.938833]}}, {"type": "Feature", "properties": {"id": "salakan-indonesia", "name": "Salakan, Indonesia", "cable_id": "1940"}, "geometry": {"type": "Point", "coordinates": [123.340206, -1.301015]}}, {"type": "Feature", "properties": {"id": "bangga-indonesia", "name": "Bangga, Indonesia", "cable_id": "1940"}, "geometry": {"type": "Point", "coordinates": [123.527535, -1.600283]}}, {"type": "Feature", "properties": {"id": "taliabu-indonesia", "name": "Taliabu, Indonesia", "cable_id": "1940"}, "geometry": {"type": "Point", "coordinates": [124.774068, -1.826845]}}, {"type": "Feature", "properties": {"id": "sanana-indonesia", "name": "Sanana, Indonesia", "cable_id": "1940"}, "geometry": {"type": "Point", "coordinates": [125.937007, -2.201454]}}, {"type": "Feature", "properties": {"id": "kendari-indonesia", "name": "Kendari, Indonesia", "cable_id": "1940"}, "geometry": {"type": "Point", "coordinates": [122.512985, -3.99845]}}, {"type": "Feature", "properties": {"id": "wawonii-indonesia", "name": "Wawonii, Indonesia", "cable_id": "1940"}, "geometry": {"type": "Point", "coordinates": [123.123898, -4.136146]}}, {"type": "Feature", "properties": {"id": "raha-indonesia", "name": "Raha, Indonesia", "cable_id": "1940"}, "geometry": {"type": "Point", "coordinates": [122.72109, -4.832386]}}, {"type": "Feature", "properties": {"id": "buranga-indonesia", "name": "Buranga, Indonesia", "cable_id": "1940"}, "geometry": {"type": "Point", "coordinates": [122.856125, -4.792273]}}, {"type": "Feature", "properties": {"id": "lakudo-indonesia", "name": "Lakudo, Indonesia", "cable_id": "1940"}, "geometry": {"type": "Point", "coordinates": [122.559909, -5.389124]}}, {"type": "Feature", "properties": {"id": "baubau-indonesia", "name": "Baubau, Indonesia", "cable_id": "1940"}, "geometry": {"type": "Point", "coordinates": [122.596896, -5.507068]}}, {"type": "Feature", "properties": {"id": "ijmuiden-netherlands", "name": "Ijmuiden, Netherlands", "cable_id": "1936"}, "geometry": {"type": "Point", "coordinates": [4.613676, 52.458517]}}, {"type": "Feature", "properties": {"id": "takaroa-french-polynesia", "name": "Takaroa, French Polynesia", "cable_id": "1916"}, "geometry": {"type": "Point", "coordinates": [-144.972208, -14.449764]}}, {"type": "Feature", "properties": {"id": "manihi-french-polynesia", "name": "Manihi, French Polynesia", "cable_id": "1916"}, "geometry": {"type": "Point", "coordinates": [-145.958145, -14.402889]}}, {"type": "Feature", "properties": {"id": "rangiroa-french-polynesia", "name": "Rangiroa, French Polynesia", "cable_id": "1916"}, "geometry": {"type": "Point", "coordinates": [-147.651309, -15.116219]}}, {"type": "Feature", "properties": {"id": "arutua-french-polynesia", "name": "Arutua, French Polynesia", "cable_id": "1916"}, "geometry": {"type": "Point", "coordinates": [-146.786154, -15.2899]}}, {"type": "Feature", "properties": {"id": "kaukura-french-polynesia", "name": "Kaukura, French Polynesia", "cable_id": "1916"}, "geometry": {"type": "Point", "coordinates": [-146.673843, -15.741389]}}, {"type": "Feature", "properties": {"id": "fakarava-french-polynesia", "name": "Fakarava, French Polynesia", "cable_id": "1916"}, "geometry": {"type": "Point", "coordinates": [-145.624564, -16.31031]}}, {"type": "Feature", "properties": {"id": "makemo-french-polynesia", "name": "Makemo, French Polynesia", "cable_id": "1916"}, "geometry": {"type": "Point", "coordinates": [-143.867192, -16.539558]}}, {"type": "Feature", "properties": {"id": "hitiaa-french-polynesia", "name": "Hitia'a, French Polynesia", "cable_id": "1916"}, "geometry": {"type": "Point", "coordinates": [-149.308119, -17.723322]}}, {"type": "Feature", "properties": {"id": "hiva-oa-french-polynesia", "name": "Hiva Oa, French Polynesia", "cable_id": "1916"}, "geometry": {"type": "Point", "coordinates": [-139.021125, -9.754673]}}, {"type": "Feature", "properties": {"id": "nuku-hiva-french-polynesia", "name": "Nuku Hiva, French Polynesia", "cable_id": "1916"}, "geometry": {"type": "Point", "coordinates": [-140.142096, -8.860484]}}, {"type": "Feature", "properties": {"id": "paramaribo-suriname", "name": "Paramaribo, Suriname", "cable_id": "1913"}, "geometry": {"type": "Point", "coordinates": [-55.173844, 5.82403]}}, {"type": "Feature", "properties": {"id": "chung-hom-kok-hong-kong-china", "name": "Chung Hom Kok, Hong Kong, China", "cable_id": "1933"}, "geometry": {"type": "Point", "coordinates": [114.203028, 22.222045]}}, {"type": "Feature", "properties": {"id": "hermosa-beach-california-united-states", "name": "Hermosa Beach, California, United States", "cable_id": "1933"}, "geometry": {"type": "Point", "coordinates": [-118.399546, 33.862237]}}, {"type": "Feature", "properties": {"id": "suro-guinea-bissau", "name": "Suro, Guinea-Bissau", "cable_id": "1629"}, "geometry": {"type": "Point", "coordinates": [-15.791148, 11.774125]}}, {"type": "Feature", "properties": {"id": "duynefontein-south-africa", "name": "Duynefontein, South Africa", "cable_id": "1629"}, "geometry": {"type": "Point", "coordinates": [18.449912, -33.693309]}}, {"type": "Feature", "properties": {"id": "gwador-pakistan", "name": "Gwador, Pakistan", "cable_id": "1849"}, "geometry": {"type": "Point", "coordinates": [62.325026, 25.132297]}}, {"type": "Feature", "properties": {"id": "karachi-pakistan", "name": "Karachi, Pakistan", "cable_id": "1849"}, "geometry": {"type": "Point", "coordinates": [67.028539, 24.889378]}}, {"type": "Feature", "properties": {"id": "muscat-oman", "name": "Muscat, Oman", "cable_id": "1849"}, "geometry": {"type": "Point", "coordinates": [58.591043, 23.615098]}}, {"type": "Feature", "properties": {"id": "tuasivi-samoa", "name": "Tuasivi, Samoa", "cable_id": "1855"}, "geometry": {"type": "Point", "coordinates": [-172.178161, -13.670589]}}, {"type": "Feature", "properties": {"id": "puerto-montt-chile", "name": "Puerto Montt, Chile", "cable_id": "1922"}, "geometry": {"type": "Point", "coordinates": [-72.953413, -41.460371]}}, {"type": "Feature", "properties": {"id": "punta-arenas-chile", "name": "Punta Arenas, Chile", "cable_id": "1922"}, "geometry": {"type": "Point", "coordinates": [-70.933334, -53.166664]}}, {"type": "Feature", "properties": {"id": "puerto-williams-chile", "name": "Puerto Williams, Chile", "cable_id": "1922"}, "geometry": {"type": "Point", "coordinates": [-67.605857, -54.935194]}}, {"type": "Feature", "properties": {"id": "tortel-chile", "name": "Tortel, Chile", "cable_id": "1922"}, "geometry": {"type": "Point", "coordinates": [-73.536885, -47.801213]}}, {"type": "Feature", "properties": {"id": "gwadar-pakistan", "name": "Gwadar, Pakistan", "cable_id": "1923"}, "geometry": {"type": "Point", "coordinates": [62.324977, 25.132261]}}, {"type": "Feature", "properties": {"id": "westbury-ny-united-states", "name": "Westbury, NY, United States", "cable_id": "1926"}, "geometry": {"type": "Point", "coordinates": [-73.586824, 40.757107]}}, {"type": "Feature", "properties": {"id": "sarasota-florida-united-states", "name": "Sarasota, Florida, United States", "cable_id": "1924"}, "geometry": {"type": "Point", "coordinates": [-82.539627, 27.338876]}}, {"type": "Feature", "properties": {"id": "manta-ecuador", "name": "Manta, Ecuador", "cable_id": "1924"}, "geometry": {"type": "Point", "coordinates": [-80.720835, -0.947182]}}, {"type": "Feature", "properties": {"id": "cancn-mexico", "name": "Canc\u00fan, Mexico", "cable_id": "1924"}, "geometry": {"type": "Point", "coordinates": [-86.767567, 21.095666]}}, {"type": "Feature", "properties": {"id": "belize-city-belize", "name": "Belize City, Belize", "cable_id": "1924"}, "geometry": {"type": "Point", "coordinates": [-88.181617, 17.495497]}}, {"type": "Feature", "properties": {"id": "puerto-barrios-guatemala", "name": "Puerto Barrios, Guatemala", "cable_id": "1924"}, "geometry": {"type": "Point", "coordinates": [-88.597162, 15.727175]}}, {"type": "Feature", "properties": {"id": "trujillo-honduras", "name": "Trujillo, Honduras", "cable_id": "1924"}, "geometry": {"type": "Point", "coordinates": [-85.954683, 15.915102]}}, {"type": "Feature", "properties": {"id": "bluefields-nicaragua", "name": "Bluefields, Nicaragua", "cable_id": "1924"}, "geometry": {"type": "Point", "coordinates": [-83.771621, 11.991776]}}, {"type": "Feature", "properties": {"id": "puerto-limon-costa-rica", "name": "Puerto Limon, Costa Rica", "cable_id": "1924"}, "geometry": {"type": "Point", "coordinates": [-83.037698, 9.988579]}}, {"type": "Feature", "properties": {"id": "maria-chiquita-panama", "name": "Maria Chiquita, Panama", "cable_id": "1924"}, "geometry": {"type": "Point", "coordinates": [-79.753544, 9.437554]}}, {"type": "Feature", "properties": {"id": "balboa-panama", "name": "Balboa, Panama", "cable_id": "1924"}, "geometry": {"type": "Point", "coordinates": [-79.566679, 8.95003]}}, {"type": "Feature", "properties": {"id": "buffalo-new-york-united-states", "name": "Buffalo, New York, United States", "cable_id": "1925"}, "geometry": {"type": "Point", "coordinates": [-78.878459, 42.885438]}}, {"type": "Feature", "properties": {"id": "toronto-on-canada", "name": "Toronto, ON, Canada", "cable_id": "1925"}, "geometry": {"type": "Point", "coordinates": [-79.385319, 43.648561]}}, {"type": "Feature", "properties": {"id": "punta-salina-pr-united-states", "name": "Punta Salina, PR, United States", "cable_id": "1918"}, "geometry": {"type": "Point", "coordinates": [-66.185753, 18.472999]}}, {"type": "Feature", "properties": {"id": "dania-beach-fl-united-states", "name": "Dania Beach, FL, United States", "cable_id": "1917"}, "geometry": {"type": "Point", "coordinates": [-80.143943, 26.052317]}}, {"type": "Feature", "properties": {"id": "guantanamo-bay-cuba", "name": "Guantanamo Bay, Cuba", "cable_id": "1918"}, "geometry": {"type": "Point", "coordinates": [-75.158161, 19.939612]}}, {"type": "Feature", "properties": {"id": "guantanamo-bay-cuba", "name": "Guantanamo Bay, Cuba", "cable_id": "1917"}, "geometry": {"type": "Point", "coordinates": [-75.158161, 19.939612]}}, {"type": "Feature", "properties": {"id": "esbjerg-denmark", "name": "Esbjerg, Denmark", "cable_id": "1912"}, "geometry": {"type": "Point", "coordinates": [8.456899, 55.465218]}}, {"type": "Feature", "properties": {"id": "newcastle-united-kingdom", "name": "Newcastle, United Kingdom", "cable_id": "1912"}, "geometry": {"type": "Point", "coordinates": [-1.617778, 54.978255]}}, {"type": "Feature", "properties": {"id": "endrup-denmark", "name": "Endrup, Denmark", "cable_id": "1904"}, "geometry": {"type": "Point", "coordinates": [8.718386, 55.523115]}}, {"type": "Feature", "properties": {"id": "eemshaven-netherlands", "name": "Eemshaven, Netherlands", "cable_id": "1904"}, "geometry": {"type": "Point", "coordinates": [6.816019, 53.442806]}}, {"type": "Feature", "properties": {"id": "schoelcher-martinique", "name": "Schoelcher, Martinique", "cable_id": "1914"}, "geometry": {"type": "Point", "coordinates": [-61.112135, 14.629007]}}, {"type": "Feature", "properties": {"id": "kourou-french-guiana", "name": "Kourou, French Guiana", "cable_id": "1914"}, "geometry": {"type": "Point", "coordinates": [-52.64555, 5.168293]}}, {"type": "Feature", "properties": {"id": "flying-fish-cove-christmas-island", "name": "Flying Fish Cove, Christmas Island", "cable_id": "1683"}, "geometry": {"type": "Point", "coordinates": [105.697075, -10.437363]}}, {"type": "Feature", "properties": {"id": "leava-wallis-and-futuna", "name": "Leava, Wallis and Futuna", "cable_id": "1855"}, "geometry": {"type": "Point", "coordinates": [-178.158108, -14.296834]}}, {"type": "Feature", "properties": {"id": "mata-utu-wallis-and-futuna", "name": "Mata-Utu, Wallis and Futuna", "cable_id": "1855"}, "geometry": {"type": "Point", "coordinates": [-176.175, -13.281991]}}, {"type": "Feature", "properties": {"id": "savusavu-fiji", "name": "Savusavu, Fiji", "cable_id": "1855"}, "geometry": {"type": "Point", "coordinates": [179.34975, -16.808015]}}, {"type": "Feature", "properties": {"id": "boca-raton-fl-united-states", "name": "Boca Raton, FL, United States", "cable_id": "1913"}, "geometry": {"type": "Point", "coordinates": [-80.088939, 26.35051]}}, {"type": "Feature", "properties": {"id": "naples-fl-united-states", "name": "Naples, FL, United States", "cable_id": "1791"}, "geometry": {"type": "Point", "coordinates": [-81.795792, 26.139096]}}, {"type": "Feature", "properties": {"id": "naples-fl-united-states", "name": "Naples, FL, United States", "cable_id": "1913"}, "geometry": {"type": "Point", "coordinates": [-81.795792, 26.139096]}}, {"type": "Feature", "properties": {"id": "arcahaie-haiti", "name": "Arcahaie, Haiti", "cable_id": "1913"}, "geometry": {"type": "Point", "coordinates": [-72.513094, 18.770338]}}, {"type": "Feature", "properties": {"id": "bodden-town-cayman-islands", "name": "Bodden Town, Cayman Islands", "cable_id": "1913"}, "geometry": {"type": "Point", "coordinates": [-81.257389, 19.28169]}}, {"type": "Feature", "properties": {"id": "north-west-point-cayman-islands", "name": "North West Point, Cayman Islands", "cable_id": "1913"}, "geometry": {"type": "Point", "coordinates": [-81.411722, 19.371558]}}, {"type": "Feature", "properties": {"id": "kingston-jamaica", "name": "Kingston, Jamaica", "cable_id": "1913"}, "geometry": {"type": "Point", "coordinates": [-76.792132, 17.992604]}}, {"type": "Feature", "properties": {"id": "ocho-rios-jamaica", "name": "Ocho Rios, Jamaica", "cable_id": "1913"}, "geometry": {"type": "Point", "coordinates": [-77.103228, 18.398573]}}, {"type": "Feature", "properties": {"id": "montego-bay-jamaica", "name": "Montego Bay, Jamaica", "cable_id": "1913"}, "geometry": {"type": "Point", "coordinates": [-77.92138, 18.469361]}}, {"type": "Feature", "properties": {"id": "puerto-plata-dominican-republic", "name": "Puerto Plata, Dominican Republic", "cable_id": "1913"}, "geometry": {"type": "Point", "coordinates": [-70.691183, 19.799365]}}, {"type": "Feature", "properties": {"id": "san-juan-pr-united-states", "name": "San Juan, PR, United States", "cable_id": "1913"}, "geometry": {"type": "Point", "coordinates": [-66.106664, 18.466029]}}, {"type": "Feature", "properties": {"id": "providenciales-turks-and-caicos-islands", "name": "Providenciales, Turks and Caicos Islands", "cable_id": "1913"}, "geometry": {"type": "Point", "coordinates": [-72.120235, 21.851073]}}, {"type": "Feature", "properties": {"id": "maria-chiquita-panama", "name": "Maria Chiquita, Panama", "cable_id": "1913"}, "geometry": {"type": "Point", "coordinates": [-79.753544, 9.437554]}}, {"type": "Feature", "properties": {"id": "cartagena-colombia", "name": "Cartagena, Colombia", "cable_id": "1924"}, "geometry": {"type": "Point", "coordinates": [-75.505683, 10.387016]}}, {"type": "Feature", "properties": {"id": "barranquilla-colombia", "name": "Barranquilla, Colombia", "cable_id": "1913"}, "geometry": {"type": "Point", "coordinates": [-74.77978, 10.940434]}}, {"type": "Feature", "properties": {"id": "hudishibana-aruba", "name": "Hudishibana, Aruba", "cable_id": "1913"}, "geometry": {"type": "Point", "coordinates": [-70.049997, 12.616678]}}, {"type": "Feature", "properties": {"id": "willemstad-curaao", "name": "Willemstad, Cura\u00e7ao", "cable_id": "1913"}, "geometry": {"type": "Point", "coordinates": [-68.89647, 12.095585]}}, {"type": "Feature", "properties": {"id": "kralendijk-bonaire-sint-eustatius-and-saba", "name": "Kralendijk, Bonaire, Sint Eustatius and Saba", "cable_id": "1913"}, "geometry": {"type": "Point", "coordinates": [-68.265549, 12.14434]}}, {"type": "Feature", "properties": {"id": "manzanilla-trinidad-and-tobago", "name": "Manzanilla, Trinidad and Tobago", "cable_id": "1913"}, "geometry": {"type": "Point", "coordinates": [-61.038148, 10.506572]}}, {"type": "Feature", "properties": {"id": "rockly-bay-trinidad-and-tobago", "name": "Rockly Bay, Trinidad and Tobago", "cable_id": "1913"}, "geometry": {"type": "Point", "coordinates": [-60.735341, 11.182451]}}, {"type": "Feature", "properties": {"id": "tortola-virgin-islands-u-k-", "name": "Tortola, Virgin Islands (U.K.)", "cable_id": "1913"}, "geometry": {"type": "Point", "coordinates": [-64.597241, 18.414784]}}, {"type": "Feature", "properties": {"id": "chaguaramas-trinidad-and-tobago", "name": "Chaguaramas, Trinidad and Tobago", "cable_id": "1913"}, "geometry": {"type": "Point", "coordinates": [-61.650806, 10.686137]}}, {"type": "Feature", "properties": {"id": "nelson-new-zealand", "name": "Nelson, New Zealand", "cable_id": "1486"}, "geometry": {"type": "Point", "coordinates": [173.283957, -41.272261]}}, {"type": "Feature", "properties": {"id": "levin-new-zealand", "name": "Levin, New Zealand", "cable_id": "1486"}, "geometry": {"type": "Point", "coordinates": [175.285323, -40.625288]}}, {"type": "Feature", "properties": {"id": "gustavia-saint-barthlemy", "name": "Gustavia, Saint Barth\u00e9lemy", "cable_id": "1619"}, "geometry": {"type": "Point", "coordinates": [-62.85055, 17.897914]}}, {"type": "Feature", "properties": {"id": "st-louis-saint-martin", "name": "St. Louis, Saint Martin", "cable_id": "1619"}, "geometry": {"type": "Point", "coordinates": [-63.078137, 18.08993]}}, {"type": "Feature", "properties": {"id": "baie-mahault-guadeloupe", "name": "Baie-Mahault, Guadeloupe", "cable_id": "1619"}, "geometry": {"type": "Point", "coordinates": [-61.571717, 16.244472]}}, {"type": "Feature", "properties": {"id": "copa-club-jamaica", "name": "Copa Club, Jamaica", "cable_id": "1554"}, "geometry": {"type": "Point", "coordinates": [-76.689361, 17.942958]}}, {"type": "Feature", "properties": {"id": "puducherry-india", "name": "Puducherry, India", "cable_id": "1901"}, "geometry": {"type": "Point", "coordinates": [79.7372, 11.914359]}}, {"type": "Feature", "properties": {"id": "east-london-south-africa", "name": "East London, South Africa", "cable_id": "1901"}, "geometry": {"type": "Point", "coordinates": [27.866668, -32.983324]}}, {"type": "Feature", "properties": {"id": "weno-chuuk", "name": "Weno, Chuuk", "cable_id": "1908"}, "geometry": {"type": "Point", "coordinates": [151.858479, 7.439996]}}, {"type": "Feature", "properties": {"id": "magachgil-yap-federated-states-of-micronesia", "name": "Magachgil, Yap, Federated States of Micronesia", "cable_id": "1823"}, "geometry": {"type": "Point", "coordinates": [138.061488, 9.443926]}}, {"type": "Feature", "properties": {"id": "ngeremlengui-palau", "name": "Ngeremlengui, Palau", "cable_id": "1823"}, "geometry": {"type": "Point", "coordinates": [134.560953, 7.531744]}}, {"type": "Feature", "properties": {"id": "san-fernando-city-philippines", "name": "San Fernando City, Philippines", "cable_id": "1858"}, "geometry": {"type": "Point", "coordinates": [120.311277, 16.618898]}}, {"type": "Feature", "properties": {"id": "aurora-philippines", "name": "Aurora, Philippines", "cable_id": "1858"}, "geometry": {"type": "Point", "coordinates": [121.76926, 16.07737]}}, {"type": "Feature", "properties": {"id": "el-segundo-california-united-states", "name": "El Segundo, California, United States", "cable_id": "1858"}, "geometry": {"type": "Point", "coordinates": [-118.415953, 33.919915]}}, {"type": "Feature", "properties": {"id": "sangano-angola", "name": "Sangano, Angola", "cable_id": "1560"}, "geometry": {"type": "Point", "coordinates": [13.201441, -9.490074]}}, {"type": "Feature", "properties": {"id": "aden-yemen", "name": "Aden, Yemen", "cable_id": "1307"}, "geometry": {"type": "Point", "coordinates": [45.03353, 12.800687]}}, {"type": "Feature", "properties": {"id": "djibouti-city-djibouti", "name": "Djibouti City, Djibouti", "cable_id": "1923"}, "geometry": {"type": "Point", "coordinates": [43.147984, 11.594682]}}, {"type": "Feature", "properties": {"id": "djibouti-city-djibouti", "name": "Djibouti City, Djibouti", "cable_id": "1307"}, "geometry": {"type": "Point", "coordinates": [43.147984, 11.594682]}}, {"type": "Feature", "properties": {"id": "bp-clair-ridge-united-kingdom", "name": "BP Clair Ridge, United Kingdom", "cable_id": "1576"}, "geometry": {"type": "Point", "coordinates": [-2.294927, 60.441045]}}, {"type": "Feature", "properties": {"id": "baie-longue-saintmartin", "name": "Baie Longue, SaintMartin", "cable_id": "1245"}, "geometry": {"type": "Point", "coordinates": [-63.145703, 18.059657]}}, {"type": "Feature", "properties": {"id": "philipsburg-sint-maarten", "name": "Philipsburg, Sint Maarten", "cable_id": "1245"}, "geometry": {"type": "Point", "coordinates": [-63.045825, 18.030201]}}, {"type": "Feature", "properties": {"id": "mamoudzou-mayotte", "name": "Mamoudzou, Mayotte", "cable_id": "1872"}, "geometry": {"type": "Point", "coordinates": [45.233286, -12.783309]}}, {"type": "Feature", "properties": {"id": "perth-australia", "name": "Perth, Australia", "cable_id": "1818"}, "geometry": {"type": "Point", "coordinates": [115.857227, -31.953442]}}, {"type": "Feature", "properties": {"id": "sydney-australia", "name": "Sydney, Australia", "cable_id": "1818"}, "geometry": {"type": "Point", "coordinates": [151.20699, -33.869872]}}, {"type": "Feature", "properties": {"id": "port-moresby-papua-new-guinea", "name": "Port Moresby, Papua New Guinea", "cable_id": "1898"}, "geometry": {"type": "Point", "coordinates": [147.18851, -9.4796]}}, {"type": "Feature", "properties": {"id": "kikori-papua-new-guinea", "name": "Kikori, Papua New Guinea", "cable_id": "1898"}, "geometry": {"type": "Point", "coordinates": [144.240196, -7.413512]}}, {"type": "Feature", "properties": {"id": "sisimiut-greenland", "name": "Sisimiut, Greenland", "cable_id": "1897"}, "geometry": {"type": "Point", "coordinates": [-53.673381, 66.939467]}}, {"type": "Feature", "properties": {"id": "maniitsoq-greenland", "name": "Maniitsoq, Greenland", "cable_id": "1897"}, "geometry": {"type": "Point", "coordinates": [-52.905718, 65.407681]}}, {"type": "Feature", "properties": {"id": "aasiaat-greenland", "name": "Aasiaat, Greenland", "cable_id": "1897"}, "geometry": {"type": "Point", "coordinates": [-52.859111, 68.706971]}}, {"type": "Feature", "properties": {"id": "singapore-singapore", "name": "Singapore, Singapore", "cable_id": "1895"}, "geometry": {"type": "Point", "coordinates": [103.853106, 1.293881]}}, {"type": "Feature", "properties": {"id": "dumai-indonesia", "name": "Dumai, Indonesia", "cable_id": "1895"}, "geometry": {"type": "Point", "coordinates": [101.447639, 1.665609]}}, {"type": "Feature", "properties": {"id": "batam-indonesia", "name": "Batam, Indonesia", "cable_id": "1895"}, "geometry": {"type": "Point", "coordinates": [103.962506, 1.134726]}}, {"type": "Feature", "properties": {"id": "jakarta-indonesia", "name": "Jakarta, Indonesia", "cable_id": "1744"}, "geometry": {"type": "Point", "coordinates": [106.827861, -6.171594]}}, {"type": "Feature", "properties": {"id": "jakarta-indonesia", "name": "Jakarta, Indonesia", "cable_id": "1895"}, "geometry": {"type": "Point", "coordinates": [106.827861, -6.171594]}}, {"type": "Feature", "properties": {"id": "bali-indonesia", "name": "Bali, Indonesia", "cable_id": "1895"}, "geometry": {"type": "Point", "coordinates": [115.596973, -8.464415]}}, {"type": "Feature", "properties": {"id": "waingapu-indonesia", "name": "Waingapu, Indonesia", "cable_id": "1938"}, "geometry": {"type": "Point", "coordinates": [120.252903, -9.646104]}}, {"type": "Feature", "properties": {"id": "seba-indonesia", "name": "Seba, Indonesia", "cable_id": "1938"}, "geometry": {"type": "Point", "coordinates": [121.879904, -10.457822]}}, {"type": "Feature", "properties": {"id": "baa-indonesia", "name": "Baa, Indonesia", "cable_id": "1938"}, "geometry": {"type": "Point", "coordinates": [123.035275, -10.733335]}}, {"type": "Feature", "properties": {"id": "kupang-indonesia", "name": "Kupang, Indonesia", "cable_id": "1938"}, "geometry": {"type": "Point", "coordinates": [123.583322, -10.183335]}}, {"type": "Feature", "properties": {"id": "kokar-indonesia", "name": "Kokar, Indonesia", "cable_id": "1938"}, "geometry": {"type": "Point", "coordinates": [124.453463, -8.158312]}}, {"type": "Feature", "properties": {"id": "tiakur-indonesia", "name": "Tiakur, Indonesia", "cable_id": "1938"}, "geometry": {"type": "Point", "coordinates": [125.573726, -8.282921]}}, {"type": "Feature", "properties": {"id": "serwaru-indonesia", "name": "Serwaru, Indonesia", "cable_id": "1938"}, "geometry": {"type": "Point", "coordinates": [127.691498, -8.158116]}}, {"type": "Feature", "properties": {"id": "suemlaki-indonesia", "name": "Suemlaki, Indonesia", "cable_id": "1938"}, "geometry": {"type": "Point", "coordinates": [131.213054, -8.052233]}}, {"type": "Feature", "properties": {"id": "tual-indonesia", "name": "Tual, Indonesia", "cable_id": "1938"}, "geometry": {"type": "Point", "coordinates": [132.752092, -5.626575]}}, {"type": "Feature", "properties": {"id": "kep-aru-indonesia", "name": "Kep. Aru, Indonesia", "cable_id": "1938"}, "geometry": {"type": "Point", "coordinates": [134.550186, -6.194641]}}, {"type": "Feature", "properties": {"id": "timika-indonesia", "name": "Timika, Indonesia", "cable_id": "1938"}, "geometry": {"type": "Point", "coordinates": [136.889565, -4.550306]}}, {"type": "Feature", "properties": {"id": "agats-indonesia", "name": "Agats, Indonesia", "cable_id": "1938"}, "geometry": {"type": "Point", "coordinates": [138.121352, -5.535632]}}, {"type": "Feature", "properties": {"id": "kota-mappi-indonesia", "name": "Kota Mappi, Indonesia", "cable_id": "1938"}, "geometry": {"type": "Point", "coordinates": [139.396498, -7.102453]}}, {"type": "Feature", "properties": {"id": "nabire-indonesia", "name": "Nabire, Indonesia", "cable_id": "1938"}, "geometry": {"type": "Point", "coordinates": [135.501626, -3.37223]}}, {"type": "Feature", "properties": {"id": "yapen-indonesia", "name": "Yapen, Indonesia", "cable_id": "1938"}, "geometry": {"type": "Point", "coordinates": [136.156973, -1.756117]}}, {"type": "Feature", "properties": {"id": "supiori-indonesia", "name": "Supiori, Indonesia", "cable_id": "1938"}, "geometry": {"type": "Point", "coordinates": [135.638516, -0.729507]}}, {"type": "Feature", "properties": {"id": "manokwari-indonesia", "name": "Manokwari, Indonesia", "cable_id": "1938"}, "geometry": {"type": "Point", "coordinates": [134.062052, -0.861465]}}, {"type": "Feature", "properties": {"id": "teluk-indonesia", "name": "Teluk, Indonesia", "cable_id": "1938"}, "geometry": {"type": "Point", "coordinates": [133.482145, -2.202382]}}, {"type": "Feature", "properties": {"id": "natuna-indonesia", "name": "Natuna, Indonesia", "cable_id": "1939"}, "geometry": {"type": "Point", "coordinates": [108.142875, 3.945662]}}, {"type": "Feature", "properties": {"id": "batam-indonesia", "name": "Batam, Indonesia", "cable_id": "1939"}, "geometry": {"type": "Point", "coordinates": [103.962506, 1.134726]}}, {"type": "Feature", "properties": {"id": "lingga-indonesia", "name": "Lingga, Indonesia", "cable_id": "1939"}, "geometry": {"type": "Point", "coordinates": [104.635455, -0.162759]}}, {"type": "Feature", "properties": {"id": "singkawang-indonesia", "name": "Singkawang, Indonesia", "cable_id": "1939"}, "geometry": {"type": "Point", "coordinates": [108.98721, 0.906015]}}, {"type": "Feature", "properties": {"id": "terempa-indonesia", "name": "Terempa, Indonesia", "cable_id": "1939"}, "geometry": {"type": "Point", "coordinates": [106.211137, 3.207137]}}, {"type": "Feature", "properties": {"id": "makassar-indonesia", "name": "Makassar, Indonesia", "cable_id": "1895"}, "geometry": {"type": "Point", "coordinates": [119.412401, -5.152185]}}, {"type": "Feature", "properties": {"id": "balikpapan-indonesia", "name": "Balikpapan, Indonesia", "cable_id": "1895"}, "geometry": {"type": "Point", "coordinates": [116.831201, -1.265371]}}, {"type": "Feature", "properties": {"id": "tarakan-indonesia", "name": "Tarakan, Indonesia", "cable_id": "1895"}, "geometry": {"type": "Point", "coordinates": [117.578515, 3.327352]}}, {"type": "Feature", "properties": {"id": "manado-indonesia", "name": "Manado, Indonesia", "cable_id": "1895"}, "geometry": {"type": "Point", "coordinates": [124.83962, 1.490829]}}, {"type": "Feature", "properties": {"id": "madura-indonesia", "name": "Madura, Indonesia", "cable_id": "1895"}, "geometry": {"type": "Point", "coordinates": [113.283473, -6.902282]}}, {"type": "Feature", "properties": {"id": "mtunzini-south-africa", "name": "Mtunzini, South Africa", "cable_id": "1878"}, "geometry": {"type": "Point", "coordinates": [31.757853, -28.95044]}}, {"type": "Feature", "properties": {"id": "jeddah-saudi-arabia", "name": "Jeddah, Saudi Arabia", "cable_id": "1878"}, "geometry": {"type": "Point", "coordinates": [39.182873, 21.481542]}}, {"type": "Feature", "properties": {"id": "zafarana-egypt", "name": "Zafarana, Egypt", "cable_id": "1878"}, "geometry": {"type": "Point", "coordinates": [32.649893, 29.116658]}}, {"type": "Feature", "properties": {"id": "karachi-pakistan", "name": "Karachi, Pakistan", "cable_id": "1923"}, "geometry": {"type": "Point", "coordinates": [67.028539, 24.889683]}}, {"type": "Feature", "properties": {"id": "karachi-pakistan", "name": "Karachi, Pakistan", "cable_id": "1878"}, "geometry": {"type": "Point", "coordinates": [67.028539, 24.889683]}}, {"type": "Feature", "properties": {"id": "antsiranana-madagascar", "name": "Antsiranana, Madagascar", "cable_id": "1878"}, "geometry": {"type": "Point", "coordinates": [49.29217, -12.275253]}}, {"type": "Feature", "properties": {"id": "terre-rouge-mauritius", "name": "Terre Rouge, Mauritius", "cable_id": "1878"}, "geometry": {"type": "Point", "coordinates": [57.510086, -20.077813]}}, {"type": "Feature", "properties": {"id": "port-sudan-sudan", "name": "Port Sudan, Sudan", "cable_id": "1878"}, "geometry": {"type": "Point", "coordinates": [37.219691, 19.615552]}}, {"type": "Feature", "properties": {"id": "mombasa-kenya", "name": "Mombasa, Kenya", "cable_id": "1923"}, "geometry": {"type": "Point", "coordinates": [39.672839, -4.053016]}}, {"type": "Feature", "properties": {"id": "mombasa-kenya", "name": "Mombasa, Kenya", "cable_id": "1878"}, "geometry": {"type": "Point", "coordinates": [39.672839, -4.053016]}}, {"type": "Feature", "properties": {"id": "hanko-finland", "name": "Hanko, Finland", "cable_id": "1710"}, "geometry": {"type": "Point", "coordinates": [22.968221, 59.823211]}}, {"type": "Feature", "properties": {"id": "hanko-finland", "name": "Hanko, Finland", "cable_id": "1816"}, "geometry": {"type": "Point", "coordinates": [22.968221, 59.823211]}}, {"type": "Feature", "properties": {"id": "bomba-belize", "name": "Bomba, Belize", "cable_id": "1893"}, "geometry": {"type": "Point", "coordinates": [-88.294458, 17.925611]}}, {"type": "Feature", "properties": {"id": "san-pedro-belize", "name": "San Pedro, Belize", "cable_id": "1893"}, "geometry": {"type": "Point", "coordinates": [-87.978345, 17.911036]}}, {"type": "Feature", "properties": {"id": "kiamsam-malaysia", "name": "Kiamsam, Malaysia", "cable_id": "1891"}, "geometry": {"type": "Point", "coordinates": [115.168946, 5.255329]}}, {"type": "Feature", "properties": {"id": "so-mateus-brazil", "name": "S\u00e3o Mateus, Brazil", "cable_id": "1888"}, "geometry": {"type": "Point", "coordinates": [-39.85913, -18.716705]}}, {"type": "Feature", "properties": {"id": "porto-seguro-brazil", "name": "Porto Seguro, Brazil", "cable_id": "1888"}, "geometry": {"type": "Point", "coordinates": [-39.064697, -16.451081]}}, {"type": "Feature", "properties": {"id": "ilhus-brazil", "name": "Ilh\u00e9us, Brazil", "cable_id": "1888"}, "geometry": {"type": "Point", "coordinates": [-39.047704, -14.787972]}}, {"type": "Feature", "properties": {"id": "salvador-brazil", "name": "Salvador, Brazil", "cable_id": "1888"}, "geometry": {"type": "Point", "coordinates": [-38.504541, -12.969979]}}, {"type": "Feature", "properties": {"id": "aracaj-brazil", "name": "Aracaj\u00fa, Brazil", "cable_id": "1888"}, "geometry": {"type": "Point", "coordinates": [-37.074805, -10.909604]}}, {"type": "Feature", "properties": {"id": "macei-brazil", "name": "Macei\u00f3, Brazil", "cable_id": "1888"}, "geometry": {"type": "Point", "coordinates": [-35.734962, -9.666465]}}, {"type": "Feature", "properties": {"id": "recife-brazil", "name": "Recife, Brazil", "cable_id": "1929"}, "geometry": {"type": "Point", "coordinates": [-34.871974, -8.055333]}}, {"type": "Feature", "properties": {"id": "recife-brazil", "name": "Recife, Brazil", "cable_id": "1888"}, "geometry": {"type": "Point", "coordinates": [-34.871974, -8.055333]}}, {"type": "Feature", "properties": {"id": "joo-pessoa-brazil", "name": "Jo\u00e3o Pessoa, Brazil", "cable_id": "1888"}, "geometry": {"type": "Point", "coordinates": [-34.861037, -7.115295]}}, {"type": "Feature", "properties": {"id": "natal-brazil", "name": "Natal, Brazil", "cable_id": "1888"}, "geometry": {"type": "Point", "coordinates": [-35.211183, -5.794836]}}, {"type": "Feature", "properties": {"id": "rio-de-janeiro-brazil", "name": "Rio de Janeiro, Brazil", "cable_id": "1888"}, "geometry": {"type": "Point", "coordinates": [-43.209568, -22.903397]}}, {"type": "Feature", "properties": {"id": "vitria-brazil", "name": "Vit\u00f3ria, Brazil", "cable_id": "1888"}, "geometry": {"type": "Point", "coordinates": [-40.301659, -20.294024]}}, {"type": "Feature", "properties": {"id": "maca-brazil", "name": "Maca\u00e9, Brazil", "cable_id": "1888"}, "geometry": {"type": "Point", "coordinates": [-41.785643, -22.371806]}}, {"type": "Feature", "properties": {"id": "sitio-brazil", "name": "Sitio, Brazil", "cable_id": "1888"}, "geometry": {"type": "Point", "coordinates": [-37.570508, -11.846664]}}, {"type": "Feature", "properties": {"id": "atafona-brazil", "name": "Atafona, Brazil", "cable_id": "1888"}, "geometry": {"type": "Point", "coordinates": [-41.027245, -21.631157]}}, {"type": "Feature", "properties": {"id": "thinadhoo-maldives", "name": "Thinadhoo, Maldives", "cable_id": "1868"}, "geometry": {"type": "Point", "coordinates": [72.997677, 0.531088]}}, {"type": "Feature", "properties": {"id": "kolhufushi-maldives", "name": "Kolhufushi, Maldives", "cable_id": "1868"}, "geometry": {"type": "Point", "coordinates": [73.42463, 2.776766]}}, {"type": "Feature", "properties": {"id": "oranjestad-bay-bonaire-sint-eustatius-and-saba", "name": "Oranjestad Bay, Bonaire, Sint Eustatius and Saba", "cable_id": "1807"}, "geometry": {"type": "Point", "coordinates": [-62.987036, 17.481849]}}, {"type": "Feature", "properties": {"id": "fort-bay-bonaire-sint-eustatius-and-saba", "name": "Fort Bay, Bonaire, Sint Eustatius and Saba", "cable_id": "1807"}, "geometry": {"type": "Point", "coordinates": [-63.251636, 17.616493]}}, {"type": "Feature", "properties": {"id": "great-bay-beach-saint-martin", "name": "Great Bay Beach, Saint Martin", "cable_id": "1807"}, "geometry": {"type": "Point", "coordinates": [-63.055054, 18.024452]}}, {"type": "Feature", "properties": {"id": "terempa-indonesia", "name": "Terempa, Indonesia", "cable_id": "1886"}, "geometry": {"type": "Point", "coordinates": [106.211137, 3.207137]}}, {"type": "Feature", "properties": {"id": "penarik-indonesia", "name": "Penarik, Indonesia", "cable_id": "1886"}, "geometry": {"type": "Point", "coordinates": [108.290238, 3.666756]}}, {"type": "Feature", "properties": {"id": "jayapura-indonesia", "name": "Jayapura, Indonesia", "cable_id": "1885"}, "geometry": {"type": "Point", "coordinates": [140.669104, -2.591566]}}, {"type": "Feature", "properties": {"id": "sarmi-indonesia", "name": "Sarmi, Indonesia", "cable_id": "1885"}, "geometry": {"type": "Point", "coordinates": [139.353285, -2.175233]}}, {"type": "Feature", "properties": {"id": "biak-indonesia", "name": "Biak, Indonesia", "cable_id": "1885"}, "geometry": {"type": "Point", "coordinates": [136.053286, -1.163466]}}, {"type": "Feature", "properties": {"id": "manokwari-indonesia", "name": "Manokwari, Indonesia", "cable_id": "1885"}, "geometry": {"type": "Point", "coordinates": [134.062003, -0.861465]}}, {"type": "Feature", "properties": {"id": "sorong-indonesia", "name": "Sorong, Indonesia", "cable_id": "1885"}, "geometry": {"type": "Point", "coordinates": [131.295403, -0.88207]}}, {"type": "Feature", "properties": {"id": "labuha-indonesia", "name": "Labuha, Indonesia", "cable_id": "1884"}, "geometry": {"type": "Point", "coordinates": [127.480463, -0.626797]}}, {"type": "Feature", "properties": {"id": "manado-indonesia", "name": "Manado, Indonesia", "cable_id": "1884"}, "geometry": {"type": "Point", "coordinates": [124.839547, 1.490878]}}, {"type": "Feature", "properties": {"id": "ternate-indonesia", "name": "Ternate, Indonesia", "cable_id": "1884"}, "geometry": {"type": "Point", "coordinates": [127.375385, 0.789853]}}, {"type": "Feature", "properties": {"id": "sofifi-indonesia", "name": "Sofifi, Indonesia", "cable_id": "1884"}, "geometry": {"type": "Point", "coordinates": [127.56142, 0.73497]}}, {"type": "Feature", "properties": {"id": "sorong-indonesia", "name": "Sorong, Indonesia", "cable_id": "1884"}, "geometry": {"type": "Point", "coordinates": [131.295403, -0.88207]}}, {"type": "Feature", "properties": {"id": "sanana-indonesia", "name": "Sanana, Indonesia", "cable_id": "1884"}, "geometry": {"type": "Point", "coordinates": [125.937007, -2.201479]}}, {"type": "Feature", "properties": {"id": "namlea-indonesia", "name": "Namlea, Indonesia", "cable_id": "1884"}, "geometry": {"type": "Point", "coordinates": [127.085834, -3.233412]}}, {"type": "Feature", "properties": {"id": "ambon-indonesia", "name": "Ambon, Indonesia", "cable_id": "1884"}, "geometry": {"type": "Point", "coordinates": [128.190717, -3.655384]}}, {"type": "Feature", "properties": {"id": "kendari-indonesia", "name": "Kendari, Indonesia", "cable_id": "1884"}, "geometry": {"type": "Point", "coordinates": [122.512985, -3.998475]}}, {"type": "Feature", "properties": {"id": "masohi-indonesia", "name": "Masohi, Indonesia", "cable_id": "1884"}, "geometry": {"type": "Point", "coordinates": [128.955267, -3.29784]}}, {"type": "Feature", "properties": {"id": "bandaneria-indonesia", "name": "Bandaneria, Indonesia", "cable_id": "1884"}, "geometry": {"type": "Point", "coordinates": [129.872064, -4.520179]}}, {"type": "Feature", "properties": {"id": "fakfak-indonesia", "name": "Fakfak, Indonesia", "cable_id": "1884"}, "geometry": {"type": "Point", "coordinates": [133.019425, -3.097767]}}, {"type": "Feature", "properties": {"id": "waisai-indonesia", "name": "Waisai, Indonesia", "cable_id": "1885"}, "geometry": {"type": "Point", "coordinates": [130.85761, -0.383364]}}, {"type": "Feature", "properties": {"id": "fakfak-indonesia", "name": "Fakfak, Indonesia", "cable_id": "1885"}, "geometry": {"type": "Point", "coordinates": [133.019425, -3.097767]}}, {"type": "Feature", "properties": {"id": "tual-indonesia", "name": "Tual, Indonesia", "cable_id": "1885"}, "geometry": {"type": "Point", "coordinates": [132.752043, -5.62655]}}, {"type": "Feature", "properties": {"id": "kaimana-indonesia", "name": "Kaimana, Indonesia", "cable_id": "1885"}, "geometry": {"type": "Point", "coordinates": [133.791495, -3.679359]}}, {"type": "Feature", "properties": {"id": "timika-indonesia", "name": "Timika, Indonesia", "cable_id": "1885"}, "geometry": {"type": "Point", "coordinates": [136.889614, -4.550257]}}, {"type": "Feature", "properties": {"id": "merauke-indonesia", "name": "Merauke, Indonesia", "cable_id": "1885"}, "geometry": {"type": "Point", "coordinates": [140.405042, -8.499083]}}, {"type": "Feature", "properties": {"id": "tutuyan-indonesia", "name": "Tutuyan, Indonesia", "cable_id": "1883"}, "geometry": {"type": "Point", "coordinates": [124.574996, 0.761435]}}, {"type": "Feature", "properties": {"id": "luwuk-indonesia", "name": "Luwuk, Indonesia", "cable_id": "1883"}, "geometry": {"type": "Point", "coordinates": [122.79277, -0.938784]}}, {"type": "Feature", "properties": {"id": "tanjung-selor-indonesia", "name": "Tanjung Selor, Indonesia", "cable_id": "1882"}, "geometry": {"type": "Point", "coordinates": [117.819433, 2.57203]}}, {"type": "Feature", "properties": {"id": "tarakan-indonesia", "name": "Tarakan, Indonesia", "cable_id": "1882"}, "geometry": {"type": "Point", "coordinates": [117.578515, 3.327352]}}, {"type": "Feature", "properties": {"id": "muntok-indonesia", "name": "Muntok, Indonesia", "cable_id": "1881"}, "geometry": {"type": "Point", "coordinates": [105.164263, -2.065151]}}, {"type": "Feature", "properties": {"id": "surabaya-indonesia", "name": "Surabaya, Indonesia", "cable_id": "1880"}, "geometry": {"type": "Point", "coordinates": [112.746681, -7.258581]}}, {"type": "Feature", "properties": {"id": "makassar-indonesia", "name": "Makassar, Indonesia", "cable_id": "1880"}, "geometry": {"type": "Point", "coordinates": [119.412401, -5.152185]}}, {"type": "Feature", "properties": {"id": "perth-australia", "name": "Perth, Australia", "cable_id": "1744"}, "geometry": {"type": "Point", "coordinates": [115.857227, -31.953442]}}, {"type": "Feature", "properties": {"id": "ygarden-norway", "name": "\u00d8ygarden, Norway", "cable_id": "1203"}, "geometry": {"type": "Point", "coordinates": [4.830241, 60.587346]}}, {"type": "Feature", "properties": {"id": "farsund-norway", "name": "Farsund, Norway", "cable_id": "1203"}, "geometry": {"type": "Point", "coordinates": [6.752799, 58.08277]}}, {"type": "Feature", "properties": {"id": "tjele-denmark", "name": "Tjele, Denmark", "cable_id": "1875"}, "geometry": {"type": "Point", "coordinates": [9.611684, 56.510798]}}, {"type": "Feature", "properties": {"id": "tachognya-beach-tinian-northern-mariana-islands", "name": "Tachognya Beach, Tinian, Northern Mariana Islands", "cable_id": "1874"}, "geometry": {"type": "Point", "coordinates": [145.629258, 14.958767]}}, {"type": "Feature", "properties": {"id": "sasanlagu-rota-northern-mariana-islands", "name": "Sasanlagu, Rota, Northern Mariana Islands", "cable_id": "1874"}, "geometry": {"type": "Point", "coordinates": [145.134337, 14.144937]}}, {"type": "Feature", "properties": {"id": "sugar-dock-saipan", "name": "Sugar Dock, Saipan", "cable_id": "1874"}, "geometry": {"type": "Point", "coordinates": [145.699571, 15.151809]}}, {"type": "Feature", "properties": {"id": "tungku-brunei", "name": "Tungku, Brunei", "cable_id": "1891"}, "geometry": {"type": "Point", "coordinates": [114.88584, 4.926374]}}, {"type": "Feature", "properties": {"id": "virginia-beach-virginia-united-states", "name": "Virginia Beach, Virginia, United States", "cable_id": "1890"}, "geometry": {"type": "Point", "coordinates": [-76.059198, 36.755009]}}, {"type": "Feature", "properties": {"id": "virginia-beach-virginia-united-states", "name": "Virginia Beach, Virginia, United States", "cable_id": "1873"}, "geometry": {"type": "Point", "coordinates": [-76.059198, 36.755009]}}, {"type": "Feature", "properties": {"id": "carcavelos-portugal", "name": "Carcavelos, Portugal", "cable_id": "1046"}, "geometry": {"type": "Point", "coordinates": [-9.331557, 38.690165]}}, {"type": "Feature", "properties": {"id": "carcavelos-portugal", "name": "Carcavelos, Portugal", "cable_id": "1443"}, "geometry": {"type": "Point", "coordinates": [-9.331557, 38.690165]}}, {"type": "Feature", "properties": {"id": "carcavelos-portugal", "name": "Carcavelos, Portugal", "cable_id": "1629"}, "geometry": {"type": "Point", "coordinates": [-9.331557, 38.690165]}}, {"type": "Feature", "properties": {"id": "carcavelos-portugal", "name": "Carcavelos, Portugal", "cable_id": "1045"}, "geometry": {"type": "Point", "coordinates": [-9.331557, 38.690165]}}, {"type": "Feature", "properties": {"id": "utqiavik-alaska-united-states", "name": "Utqia\u0121vik, Alaska, United States", "cable_id": "1862"}, "geometry": {"type": "Point", "coordinates": [-156.78864, 71.290552]}}, {"type": "Feature", "properties": {"id": "point-hope-alaska-united-states", "name": "Point Hope, Alaska, United States", "cable_id": "1862"}, "geometry": {"type": "Point", "coordinates": [-166.808068, 68.347768]}}, {"type": "Feature", "properties": {"id": "wainwright-alaska-united-states", "name": "Wainwright, Alaska, United States", "cable_id": "1862"}, "geometry": {"type": "Point", "coordinates": [-160.038345, 70.636951]}}, {"type": "Feature", "properties": {"id": "kotzebue-alaska-united-states", "name": "Kotzebue, Alaska, United States", "cable_id": "1862"}, "geometry": {"type": "Point", "coordinates": [-162.596669, 66.898342]}}, {"type": "Feature", "properties": {"id": "nome-alaska-united-states", "name": "Nome, Alaska, United States", "cable_id": "1862"}, "geometry": {"type": "Point", "coordinates": [-165.406409, 64.501114]}}, {"type": "Feature", "properties": {"id": "prudhoe-bay-alaska-united-states", "name": "Prudhoe Bay, Alaska, United States", "cable_id": "1862"}, "geometry": {"type": "Point", "coordinates": [-148.338448, 70.25564]}}, {"type": "Feature", "properties": {"id": "kauditan-indonesia", "name": "Kauditan, Indonesia", "cable_id": "1823"}, "geometry": {"type": "Point", "coordinates": [125.065621, 1.378622]}}, {"type": "Feature", "properties": {"id": "candelaria-canary-islands-spain", "name": "Candelaria, Canary Islands, Spain", "cable_id": "1701"}, "geometry": {"type": "Point", "coordinates": [-16.371739, 28.355538]}}, {"type": "Feature", "properties": {"id": "cabo-espiritu-santo-argentina", "name": "Cabo Espiritu Santo, Argentina", "cable_id": "1871"}, "geometry": {"type": "Point", "coordinates": [-68.605784, -52.658901]}}, {"type": "Feature", "properties": {"id": "punta-dungeness-argentina", "name": "Punta Dungeness, Argentina", "cable_id": "1871"}, "geometry": {"type": "Point", "coordinates": [-68.419749, -52.390224]}}, {"type": "Feature", "properties": {"id": "sengigi-indonesia", "name": "Sengigi, Indonesia", "cable_id": "1867"}, "geometry": {"type": "Point", "coordinates": [116.047266, -8.48546]}}, {"type": "Feature", "properties": {"id": "seraya-indonesia", "name": "Seraya, Indonesia", "cable_id": "1867"}, "geometry": {"type": "Point", "coordinates": [115.74668, -8.386266]}}, {"type": "Feature", "properties": {"id": "tarahales-spain", "name": "Tarahales, Spain", "cable_id": "1866"}, "geometry": {"type": "Point", "coordinates": [-15.450743, 28.096371]}}, {"type": "Feature", "properties": {"id": "mangawhai-new-zealand", "name": "Mangawhai, New Zealand", "cable_id": "1733"}, "geometry": {"type": "Point", "coordinates": [174.574459, -36.126145]}}, {"type": "Feature", "properties": {"id": "kapolei-hi-united-states", "name": "Kapolei, HI, United States", "cable_id": "1733"}, "geometry": {"type": "Point", "coordinates": [-158.056901, 21.335424]}}, {"type": "Feature", "properties": {"id": "taba-egypt", "name": "Taba, Egypt", "cable_id": "1806"}, "geometry": {"type": "Point", "coordinates": [34.894863, 29.492574]}}, {"type": "Feature", "properties": {"id": "praia-grande-brazil", "name": "Praia Grande, Brazil", "cable_id": "1906"}, "geometry": {"type": "Point", "coordinates": [-46.412496, -24.008866]}}, {"type": "Feature", "properties": {"id": "praia-grande-brazil", "name": "Praia Grande, Brazil", "cable_id": "1728"}, "geometry": {"type": "Point", "coordinates": [-46.412496, -24.008866]}}, {"type": "Feature", "properties": {"id": "sines-portugal", "name": "Sines, Portugal", "cable_id": "1725"}, "geometry": {"type": "Point", "coordinates": [-8.869594, 37.957218]}}, {"type": "Feature", "properties": {"id": "cape-daguilar-hong-kong-china", "name": "Cape D'Aguilar, Hong Kong, China", "cable_id": "1739"}, "geometry": {"type": "Point", "coordinates": [114.260255, 22.208031]}}, {"type": "Feature", "properties": {"id": "bosaso-somalia", "name": "Bosaso, Somalia", "cable_id": "1863"}, "geometry": {"type": "Point", "coordinates": [49.187922, 11.275566]}}, {"type": "Feature", "properties": {"id": "berbera-somalia", "name": "Berbera, Somalia", "cable_id": "1863"}, "geometry": {"type": "Point", "coordinates": [45.010874, 10.435112]}}, {"type": "Feature", "properties": {"id": "mogadishu-somalia", "name": "Mogadishu, Somalia", "cable_id": "1863"}, "geometry": {"type": "Point", "coordinates": [45.344174, 2.041195]}}, {"type": "Feature", "properties": {"id": "djibouti-city-djibouti", "name": "Djibouti City, Djibouti", "cable_id": "1863"}, "geometry": {"type": "Point", "coordinates": [43.147984, 11.594682]}}, {"type": "Feature", "properties": {"id": "mombasa-kenya", "name": "Mombasa, Kenya", "cable_id": "1863"}, "geometry": {"type": "Point", "coordinates": [39.67279, -4.053211]}}, {"type": "Feature", "properties": {"id": "bosaso-somalia", "name": "Bosaso, Somalia", "cable_id": "1850"}, "geometry": {"type": "Point", "coordinates": [49.187922, 11.275566]}}, {"type": "Feature", "properties": {"id": "berbera-somalia", "name": "Berbera, Somalia", "cable_id": "1850"}, "geometry": {"type": "Point", "coordinates": [45.010874, 10.435112]}}, {"type": "Feature", "properties": {"id": "salalah-oman", "name": "Salalah, Oman", "cable_id": "1850"}, "geometry": {"type": "Point", "coordinates": [54.148076, 17.095827]}}, {"type": "Feature", "properties": {"id": "chipiona-spain", "name": "Chipiona, Spain", "cable_id": "1866"}, "geometry": {"type": "Point", "coordinates": [-6.428872, 36.731303]}}, {"type": "Feature", "properties": {"id": "chipiona-spain", "name": "Chipiona, Spain", "cable_id": "1852"}, "geometry": {"type": "Point", "coordinates": [-6.428872, 36.731303]}}, {"type": "Feature", "properties": {"id": "la-union-philippines", "name": "La Union, Philippines", "cable_id": "1507"}, "geometry": {"type": "Point", "coordinates": [120.389646, 16.582594]}}, {"type": "Feature", "properties": {"id": "lingang-china", "name": "Lingang, China", "cable_id": "1786"}, "geometry": {"type": "Point", "coordinates": [121.896091, 30.935664]}}, {"type": "Feature", "properties": {"id": "jambi-indonesia", "name": "Jambi, Indonesia", "cable_id": "1844"}, "geometry": {"type": "Point", "coordinates": [103.609967, -1.590004]}}, {"type": "Feature", "properties": {"id": "san-andres-colombia", "name": "San Andres, Colombia", "cable_id": "1843"}, "geometry": {"type": "Point", "coordinates": [-81.700565, 12.584696]}}, {"type": "Feature", "properties": {"id": "skagway-alaska-united-states", "name": "Skagway, Alaska, United States", "cable_id": "1840"}, "geometry": {"type": "Point", "coordinates": [-135.313894, 59.458343]}}, {"type": "Feature", "properties": {"id": "haines-alaska-united-states", "name": "Haines, Alaska, United States", "cable_id": "1840"}, "geometry": {"type": "Point", "coordinates": [-135.444997, 59.235833]}}, {"type": "Feature", "properties": {"id": "kaunakakai-hi-united-states", "name": "Kaunakakai, HI, United States", "cable_id": "1456"}, "geometry": {"type": "Point", "coordinates": [-157.023893, 21.093359]}}, {"type": "Feature", "properties": {"id": "manele-bay-hi-united-states", "name": "Manele Bay, HI, United States", "cable_id": "1456"}, "geometry": {"type": "Point", "coordinates": [-156.896891, 20.743432]}}, {"type": "Feature", "properties": {"id": "ko-olina-hi-united-states", "name": "Ko Olina, HI, United States", "cable_id": "1455"}, "geometry": {"type": "Point", "coordinates": [-158.119498, 21.339697]}}, {"type": "Feature", "properties": {"id": "koko-head-hi-united-states", "name": "Koko Head, HI, United States", "cable_id": "1456"}, "geometry": {"type": "Point", "coordinates": [-157.696012, 21.277563]}}, {"type": "Feature", "properties": {"id": "koko-head-hi-united-states", "name": "Koko Head, HI, United States", "cable_id": "1455"}, "geometry": {"type": "Point", "coordinates": [-157.696012, 21.277563]}}, {"type": "Feature", "properties": {"id": "kihei-maui-hi-united-states", "name": "Kihei, Maui, HI, United States", "cable_id": "1456"}, "geometry": {"type": "Point", "coordinates": [-156.463103, 20.782153]}}, {"type": "Feature", "properties": {"id": "kihei-maui-hi-united-states", "name": "Kihei, Maui, HI, United States", "cable_id": "1455"}, "geometry": {"type": "Point", "coordinates": [-156.463103, 20.782153]}}, {"type": "Feature", "properties": {"id": "lihue-hi-united-states", "name": "Lihue, HI, United States", "cable_id": "1456"}, "geometry": {"type": "Point", "coordinates": [-159.36857, 21.974938]}}, {"type": "Feature", "properties": {"id": "lihue-hi-united-states", "name": "Lihue, HI, United States", "cable_id": "1455"}, "geometry": {"type": "Point", "coordinates": [-159.36857, 21.974938]}}, {"type": "Feature", "properties": {"id": "gran-canaria-canary-islands-spain", "name": "Gran Canaria, Canary Islands, Spain", "cable_id": "1449"}, "geometry": {"type": "Point", "coordinates": [-15.596593, 27.95776]}}, {"type": "Feature", "properties": {"id": "lanzaarote-canary-islands-spain", "name": "Lanzaarote, Canary Islands, Spain", "cable_id": "1449"}, "geometry": {"type": "Point", "coordinates": [-13.650402, 29.038509]}}, {"type": "Feature", "properties": {"id": "skaill-united-kingdom", "name": "Skaill, United Kingdom", "cable_id": "1836"}, "geometry": {"type": "Point", "coordinates": [-3.354948, 59.051459]}}, {"type": "Feature", "properties": {"id": "dunnet-head-united-kingdom", "name": "Dunnet Head, United Kingdom", "cable_id": "1836"}, "geometry": {"type": "Point", "coordinates": [-3.376579, 58.670331]}}, {"type": "Feature", "properties": {"id": "whitehead-united-kingdom", "name": "Whitehead, United Kingdom", "cable_id": "1834"}, "geometry": {"type": "Point", "coordinates": [-5.718716, 54.753707]}}, {"type": "Feature", "properties": {"id": "troon-united-kingdom", "name": "Troon, United Kingdom", "cable_id": "1834"}, "geometry": {"type": "Point", "coordinates": [-4.659928, 55.541328]}}, {"type": "Feature", "properties": {"id": "aberdeen-united-kingdom", "name": "Aberdeen, United Kingdom", "cable_id": "1203"}, "geometry": {"type": "Point", "coordinates": [-2.106804, 57.153791]}}, {"type": "Feature", "properties": {"id": "rota-spain", "name": "Rota, Spain", "cable_id": "1666"}, "geometry": {"type": "Point", "coordinates": [-6.363003, 36.626274]}}, {"type": "Feature", "properties": {"id": "tinocas-canary-islands-spain", "name": "Tinocas, Canary Islands, Spain", "cable_id": "1666"}, "geometry": {"type": "Point", "coordinates": [-15.487706, 28.134359]}}, {"type": "Feature", "properties": {"id": "gimar-canary-islands", "name": "G\u00fcimar, Canary Islands", "cable_id": "1666"}, "geometry": {"type": "Point", "coordinates": [-16.412559, 28.31058]}}, {"type": "Feature", "properties": {"id": "jambi-indonesia", "name": "Jambi, Indonesia", "cable_id": "1832"}, "geometry": {"type": "Point", "coordinates": [103.609967, -1.590004]}}, {"type": "Feature", "properties": {"id": "bratu-prahu-indonesia", "name": "Bratu Prahu, Indonesia", "cable_id": "1833"}, "geometry": {"type": "Point", "coordinates": [106.547465, -3.079921]}}, {"type": "Feature", "properties": {"id": "jakarta-indonesia", "name": "Jakarta, Indonesia", "cable_id": "1844"}, "geometry": {"type": "Point", "coordinates": [106.827836, -6.171594]}}, {"type": "Feature", "properties": {"id": "tanjung-pakis-indonesia", "name": "Tanjung Pakis, Indonesia", "cable_id": "1956"}, "geometry": {"type": "Point", "coordinates": [107.120903, -5.981262]}}, {"type": "Feature", "properties": {"id": "tanjung-pakis-indonesia", "name": "Tanjung Pakis, Indonesia", "cable_id": "1844"}, "geometry": {"type": "Point", "coordinates": [107.120903, -5.981262]}}, {"type": "Feature", "properties": {"id": "tanjung-pandan-indonesia", "name": "Tanjung Pandan, Indonesia", "cable_id": "1844"}, "geometry": {"type": "Point", "coordinates": [107.662895, -2.767445]}}, {"type": "Feature", "properties": {"id": "pontianak-indonesia", "name": "Pontianak, Indonesia", "cable_id": "1844"}, "geometry": {"type": "Point", "coordinates": [109.335452, -0.027407]}}, {"type": "Feature", "properties": {"id": "batam-indonesia", "name": "Batam, Indonesia", "cable_id": "1887"}, "geometry": {"type": "Point", "coordinates": [103.962506, 1.134726]}}, {"type": "Feature", "properties": {"id": "batam-indonesia", "name": "Batam, Indonesia", "cable_id": "1844"}, "geometry": {"type": "Point", "coordinates": [103.962506, 1.134726]}}, {"type": "Feature", "properties": {"id": "dumai-indonesia", "name": "Dumai, Indonesia", "cable_id": "1559"}, "geometry": {"type": "Point", "coordinates": [101.447565, 1.665609]}}, {"type": "Feature", "properties": {"id": "dumai-indonesia", "name": "Dumai, Indonesia", "cable_id": "1844"}, "geometry": {"type": "Point", "coordinates": [101.447565, 1.665609]}}, {"type": "Feature", "properties": {"id": "pekanbaru-indonesia", "name": "Pekanbaru, Indonesia", "cable_id": "1844"}, "geometry": {"type": "Point", "coordinates": [101.450007, 0.533335]}}, {"type": "Feature", "properties": {"id": "palembang-indonesia", "name": "Palembang, Indonesia", "cable_id": "1881"}, "geometry": {"type": "Point", "coordinates": [104.75733, -2.99098]}}, {"type": "Feature", "properties": {"id": "palembang-indonesia", "name": "Palembang, Indonesia", "cable_id": "1844"}, "geometry": {"type": "Point", "coordinates": [104.75733, -2.99098]}}, {"type": "Feature", "properties": {"id": "bandar-lampung-indonesia", "name": "Bandar Lampung, Indonesia", "cable_id": "1844"}, "geometry": {"type": "Point", "coordinates": [105.254107, -5.40929]}}, {"type": "Feature", "properties": {"id": "medan-indonesia", "name": "Medan, Indonesia", "cable_id": "1559"}, "geometry": {"type": "Point", "coordinates": [98.676082, 3.752132]}}, {"type": "Feature", "properties": {"id": "medan-indonesia", "name": "Medan, Indonesia", "cable_id": "1844"}, "geometry": {"type": "Point", "coordinates": [98.676082, 3.752132]}}, {"type": "Feature", "properties": {"id": "bandar-bukit-tinggi-malaysia", "name": "Bandar Bukit Tinggi, Malaysia", "cable_id": "1844"}, "geometry": {"type": "Point", "coordinates": [101.436726, 3.009286]}}, {"type": "Feature", "properties": {"id": "padang-indonesia", "name": "Padang, Indonesia", "cable_id": "1844"}, "geometry": {"type": "Point", "coordinates": [100.361628, -0.943862]}}, {"type": "Feature", "properties": {"id": "baturaja-indonesia", "name": "Baturaja, Indonesia", "cable_id": "1844"}, "geometry": {"type": "Point", "coordinates": [103.838971, -5.04032]}}, {"type": "Feature", "properties": {"id": "teping-tinggi-indonesia", "name": "Teping Tinggi, Indonesia", "cable_id": "1844"}, "geometry": {"type": "Point", "coordinates": [99.208211, 3.380599]}}, {"type": "Feature", "properties": {"id": "rantu-prapat-indonesia", "name": "Rantu Prapat, Indonesia", "cable_id": "1844"}, "geometry": {"type": "Point", "coordinates": [99.82784, 2.105136]}}, {"type": "Feature", "properties": {"id": "sibolga-indonesia", "name": "Sibolga, Indonesia", "cable_id": "1844"}, "geometry": {"type": "Point", "coordinates": [98.786629, 1.747812]}}, {"type": "Feature", "properties": {"id": "pesaren-indonesia", "name": "Pesaren, Indonesia", "cable_id": "1833"}, "geometry": {"type": "Point", "coordinates": [105.58272, -1.553871]}}, {"type": "Feature", "properties": {"id": "linao-chile", "name": "Linao, Chile", "cable_id": "1830"}, "geometry": {"type": "Point", "coordinates": [-73.504463, -41.991132]}}, {"type": "Feature", "properties": {"id": "meimen-chile", "name": "Meimen, Chile", "cable_id": "1830"}, "geometry": {"type": "Point", "coordinates": [-73.155293, -41.806928]}}, {"type": "Feature", "properties": {"id": "kota-kinabalu-malaysia", "name": "Kota Kinabalu, Malaysia", "cable_id": "1828"}, "geometry": {"type": "Point", "coordinates": [116.074316, 5.98133]}}, {"type": "Feature", "properties": {"id": "miri-malaysia", "name": "Miri, Malaysia", "cable_id": "1828"}, "geometry": {"type": "Point", "coordinates": [114.007423, 4.4253]}}, {"type": "Feature", "properties": {"id": "bintulu-malaysia", "name": "Bintulu, Malaysia", "cable_id": "1828"}, "geometry": {"type": "Point", "coordinates": [113.068361, 3.197005]}}, {"type": "Feature", "properties": {"id": "kuching-malaysia", "name": "Kuching, Malaysia", "cable_id": "1886"}, "geometry": {"type": "Point", "coordinates": [110.353714, 1.520175]}}, {"type": "Feature", "properties": {"id": "kuching-malaysia", "name": "Kuching, Malaysia", "cable_id": "1828"}, "geometry": {"type": "Point", "coordinates": [110.353714, 1.520175]}}, {"type": "Feature", "properties": {"id": "canterbury-new-zealand", "name": "Canterbury, New Zealand", "cable_id": "1487"}, "geometry": {"type": "Point", "coordinates": [171.707371, -43.494184]}}, {"type": "Feature", "properties": {"id": "marlborough-new-zealand", "name": "Marlborough, New Zealand", "cable_id": "1487"}, "geometry": {"type": "Point", "coordinates": [173.58071, -41.527241]}}, {"type": "Feature", "properties": {"id": "manawatu-wanganui-new-zealand", "name": "Manawatu-Wanganui, New Zealand", "cable_id": "1487"}, "geometry": {"type": "Point", "coordinates": [175.618209, -39.625435]}}, {"type": "Feature", "properties": {"id": "taranaki-new-zealand", "name": "Taranaki, New Zealand", "cable_id": "1487"}, "geometry": {"type": "Point", "coordinates": [174.37153, -39.287862]}}, {"type": "Feature", "properties": {"id": "waikato-new-zealand", "name": "Waikato, New Zealand", "cable_id": "1487"}, "geometry": {"type": "Point", "coordinates": [175.534908, -37.91589]}}, {"type": "Feature", "properties": {"id": "wellington-new-zealand", "name": "Wellington, New Zealand", "cable_id": "1487"}, "geometry": {"type": "Point", "coordinates": [174.767135, -41.280537]}}, {"type": "Feature", "properties": {"id": "largs-united-kingdom", "name": "Largs, United Kingdom", "cable_id": "1827"}, "geometry": {"type": "Point", "coordinates": [-4.867301, 55.793342]}}, {"type": "Feature", "properties": {"id": "kilchatten-bay-united-kingdom", "name": "Kilchatten Bay, United Kingdom", "cable_id": "1827"}, "geometry": {"type": "Point", "coordinates": [-5.028092, 55.751839]}}, {"type": "Feature", "properties": {"id": "otter-ferry-united-kingdom", "name": "Otter Ferry, United Kingdom", "cable_id": "1827"}, "geometry": {"type": "Point", "coordinates": [-5.321207, 56.008284]}}, {"type": "Feature", "properties": {"id": "achnaba-united-kingdom", "name": "Achnaba, United Kingdom", "cable_id": "1827"}, "geometry": {"type": "Point", "coordinates": [-5.365787, 56.019416]}}, {"type": "Feature", "properties": {"id": "blackwaterfoot-united-kingdom", "name": "Blackwaterfoot, United Kingdom", "cable_id": "1827"}, "geometry": {"type": "Point", "coordinates": [-5.332096, 55.501948]}}, {"type": "Feature", "properties": {"id": "ardnacross-united-kingdom", "name": "Ardnacross, United Kingdom", "cable_id": "1827"}, "geometry": {"type": "Point", "coordinates": [-5.533414, 55.476546]}}, {"type": "Feature", "properties": {"id": "down-craig-united-kingdom", "name": "Down Craig, United Kingdom", "cable_id": "1827"}, "geometry": {"type": "Point", "coordinates": [-4.900455, 55.780159]}}, {"type": "Feature", "properties": {"id": "corrie-united-kingdom", "name": "Corrie, United Kingdom", "cable_id": "1827"}, "geometry": {"type": "Point", "coordinates": [-5.141422, 55.643648]}}, {"type": "Feature", "properties": {"id": "ardneil-bay-united-kingdom", "name": "Ardneil Bay, United Kingdom", "cable_id": "1827"}, "geometry": {"type": "Point", "coordinates": [-4.889371, 55.693049]}}, {"type": "Feature", "properties": {"id": "port-askaig-united-kingdom", "name": "Port Askaig, United Kingdom", "cable_id": "1827"}, "geometry": {"type": "Point", "coordinates": [-6.106314, 55.847737]}}, {"type": "Feature", "properties": {"id": "feolin-ferry-united-kingdom", "name": "Feolin Ferry, United Kingdom", "cable_id": "1827"}, "geometry": {"type": "Point", "coordinates": [-6.089908, 55.846748]}}, {"type": "Feature", "properties": {"id": "lavagulin-united-kingdom", "name": "Lavagulin, United Kingdom", "cable_id": "1827"}, "geometry": {"type": "Point", "coordinates": [-6.125406, 55.636116]}}, {"type": "Feature", "properties": {"id": "glenbarr-united-kingdom", "name": "Glenbarr, United Kingdom", "cable_id": "1827"}, "geometry": {"type": "Point", "coordinates": [-5.697574, 55.565498]}}, {"type": "Feature", "properties": {"id": "craighouse-united-kingdom", "name": "Craighouse, United Kingdom", "cable_id": "1827"}, "geometry": {"type": "Point", "coordinates": [-5.953824, 55.833674]}}, {"type": "Feature", "properties": {"id": "ormsary-united-kingdom", "name": "Ormsary, United Kingdom", "cable_id": "1827"}, "geometry": {"type": "Point", "coordinates": [-5.614566, 55.891682]}}, {"type": "Feature", "properties": {"id": "kilchoan-ferry-united-kingdom", "name": "Kilchoan Ferry, United Kingdom", "cable_id": "1827"}, "geometry": {"type": "Point", "coordinates": [-6.09396, 56.688569]}}, {"type": "Feature", "properties": {"id": "tobermory-united-kingdom", "name": "Tobermory, United Kingdom", "cable_id": "1827"}, "geometry": {"type": "Point", "coordinates": [-6.070279, 56.621845]}}, {"type": "Feature", "properties": {"id": "duart-bay-united-kingdom", "name": "Duart Bay, United Kingdom", "cable_id": "1827"}, "geometry": {"type": "Point", "coordinates": [-5.669351, 56.455842]}}, {"type": "Feature", "properties": {"id": "ganavan-bay-united-kingdom", "name": "Ganavan Bay, United Kingdom", "cable_id": "1827"}, "geometry": {"type": "Point", "coordinates": [-5.475797, 56.437763]}}, {"type": "Feature", "properties": {"id": "corran-united-kingdom", "name": "Corran, United Kingdom", "cable_id": "1827"}, "geometry": {"type": "Point", "coordinates": [-5.245377, 56.722529]}}, {"type": "Feature", "properties": {"id": "ardmair-united-kingdom", "name": "Ardmair, United Kingdom", "cable_id": "1827"}, "geometry": {"type": "Point", "coordinates": [-5.196207, 57.934076]}}, {"type": "Feature", "properties": {"id": "branahuie-bay-united-kingdom", "name": "Branahuie Bay, United Kingdom", "cable_id": "1827"}, "geometry": {"type": "Point", "coordinates": [-6.310757, 58.209064]}}, {"type": "Feature", "properties": {"id": "leverburgh-united-kingdom", "name": "Leverburgh, United Kingdom", "cable_id": "1827"}, "geometry": {"type": "Point", "coordinates": [-7.008364, 57.769403]}}, {"type": "Feature", "properties": {"id": "lochmaddy-united-kingdom", "name": "Lochmaddy, United Kingdom", "cable_id": "1827"}, "geometry": {"type": "Point", "coordinates": [-7.163345, 57.603693]}}, {"type": "Feature", "properties": {"id": "dunvegan-united-kingdom", "name": "Dunvegan, United Kingdom", "cable_id": "1827"}, "geometry": {"type": "Point", "coordinates": [-6.581655, 57.436323]}}, {"type": "Feature", "properties": {"id": "sandwick-village-united-kingdom", "name": "Sandwick Village, United Kingdom", "cable_id": "1827"}, "geometry": {"type": "Point", "coordinates": [-7.274136, 57.366694]}}, {"type": "Feature", "properties": {"id": "ardvasar-united-kingdom", "name": "Ardvasar, United Kingdom", "cable_id": "1827"}, "geometry": {"type": "Point", "coordinates": [-5.90646, 57.05937]}}, {"type": "Feature", "properties": {"id": "mallaigvaig-united-kingdom", "name": "Mallaigvaig, United Kingdom", "cable_id": "1827"}, "geometry": {"type": "Point", "coordinates": [-5.820425, 57.008479]}}, {"type": "Feature", "properties": {"id": "scarinish-united-kingdom", "name": "Scarinish, United Kingdom", "cable_id": "1827"}, "geometry": {"type": "Point", "coordinates": [-6.808511, 56.503791]}}, {"type": "Feature", "properties": {"id": "calgary-united-kingdom", "name": "Calgary, United Kingdom", "cable_id": "1827"}, "geometry": {"type": "Point", "coordinates": [-6.272378, 56.582124]}}, {"type": "Feature", "properties": {"id": "ludag-united-kingdom", "name": "Ludag, United Kingdom", "cable_id": "1827"}, "geometry": {"type": "Point", "coordinates": [-7.328139, 57.105537]}}, {"type": "Feature", "properties": {"id": "balla-united-kingdom", "name": "Balla, United Kingdom", "cable_id": "1827"}, "geometry": {"type": "Point", "coordinates": [-7.312173, 57.081525]}}, {"type": "Feature", "properties": {"id": "north-bay-united-kingdom", "name": "North Bay, United Kingdom", "cable_id": "1827"}, "geometry": {"type": "Point", "coordinates": [-7.449477, 57.025288]}}, {"type": "Feature", "properties": {"id": "bay-of-tuquoy-united-kingdom", "name": "Bay of Tuquoy, United Kingdom", "cable_id": "1827"}, "geometry": {"type": "Point", "coordinates": [-2.939519, 59.279767]}}, {"type": "Feature", "properties": {"id": "aikerness-united-kingdom", "name": "Aikerness , United Kingdom", "cable_id": "1827"}, "geometry": {"type": "Point", "coordinates": [-2.959147, 59.350457]}}, {"type": "Feature", "properties": {"id": "portachur-point-united-kingdom", "name": "Portachur Point, United Kingdom", "cable_id": "1827"}, "geometry": {"type": "Point", "coordinates": [-4.943863, 55.742769]}}, {"type": "Feature", "properties": {"id": "coilleag-united-kingdom", "name": "Coilleag, United Kingdom", "cable_id": "1827"}, "geometry": {"type": "Point", "coordinates": [-7.302212, 57.073615]}}, {"type": "Feature", "properties": {"id": "ardbeg-point-united-kingdom", "name": "Ardbeg Point, United Kingdom", "cable_id": "1827"}, "geometry": {"type": "Point", "coordinates": [-5.06359, 55.858589]}}, {"type": "Feature", "properties": {"id": "ardyne-point-united-kingdom", "name": "Ardyne Point, United Kingdom", "cable_id": "1827"}, "geometry": {"type": "Point", "coordinates": [-5.019986, 55.869417]}}, {"type": "Feature", "properties": {"id": "ardgour-united-kingdom", "name": "Ardgour, United Kingdom", "cable_id": "1827"}, "geometry": {"type": "Point", "coordinates": [-5.233658, 56.721565]}}, {"type": "Feature", "properties": {"id": "raglan-new-zealand", "name": "Raglan, New Zealand", "cable_id": "1750"}, "geometry": {"type": "Point", "coordinates": [174.871822, -37.801388]}}, {"type": "Feature", "properties": {"id": "ola-russia", "name": "Ola, Russia", "cable_id": "1825"}, "geometry": {"type": "Point", "coordinates": [151.283357, 59.583343]}}, {"type": "Feature", "properties": {"id": "okha-russia", "name": "Okha, Russia", "cable_id": "1825"}, "geometry": {"type": "Point", "coordinates": [142.942443, 53.577548]}}, {"type": "Feature", "properties": {"id": "ust-bolsheretsk-russia", "name": "Ust-Bolsheretsk, Russia", "cable_id": "1825"}, "geometry": {"type": "Point", "coordinates": [156.287066, 52.812411]}}, {"type": "Feature", "properties": {"id": "porthcressa-beach-united-kingdom", "name": "Porthcressa Beach, United Kingdom", "cable_id": "1826"}, "geometry": {"type": "Point", "coordinates": [-6.308169, 49.919908]}}, {"type": "Feature", "properties": {"id": "mogadishu-somalia", "name": "Mogadishu, Somalia", "cable_id": "1246"}, "geometry": {"type": "Point", "coordinates": [45.344174, 2.041195]}}, {"type": "Feature", "properties": {"id": "rayong-thailand", "name": "Rayong, Thailand", "cable_id": "1776"}, "geometry": {"type": "Point", "coordinates": [101.277351, 12.670658]}}, {"type": "Feature", "properties": {"id": "cherating-malaysia", "name": "Cherating, Malaysia", "cable_id": "1828"}, "geometry": {"type": "Point", "coordinates": [103.393658, 4.130232]}}, {"type": "Feature", "properties": {"id": "cherating-malaysia", "name": "Cherating, Malaysia", "cable_id": "1776"}, "geometry": {"type": "Point", "coordinates": [103.393658, 4.130232]}}, {"type": "Feature", "properties": {"id": "davao-philippines", "name": "Davao, Philippines", "cable_id": "1823"}, "geometry": {"type": "Point", "coordinates": [125.612788, 7.079987]}}, {"type": "Feature", "properties": {"id": "ilyich-russia", "name": "Ilyich, Russia", "cable_id": "1822"}, "geometry": {"type": "Point", "coordinates": [36.770838, 45.423609]}}, {"type": "Feature", "properties": {"id": "kerch-ukraine", "name": "Kerch, Ukraine", "cable_id": "1822"}, "geometry": {"type": "Point", "coordinates": [36.477382, 45.356983]}}, {"type": "Feature", "properties": {"id": "domburg-netherlands", "name": "Domburg, Netherlands", "cable_id": "1819"}, "geometry": {"type": "Point", "coordinates": [3.49616, 51.56395]}}, {"type": "Feature", "properties": {"id": "aldeburgh-united-kingdom", "name": "Aldeburgh, United Kingdom", "cable_id": "1819"}, "geometry": {"type": "Point", "coordinates": [1.590606, 52.157846]}}, {"type": "Feature", "properties": {"id": "port-hedland-australia", "name": "Port Hedland, Australia", "cable_id": "1817"}, "geometry": {"type": "Point", "coordinates": [118.577245, -20.313457]}}, {"type": "Feature", "properties": {"id": "darwin-australia", "name": "Darwin, Australia", "cable_id": "1817"}, "geometry": {"type": "Point", "coordinates": [130.843157, -12.467489]}}, {"type": "Feature", "properties": {"id": "igiugig-alaska-united-states", "name": "Igiugig, Alaska, United States", "cable_id": "1693"}, "geometry": {"type": "Point", "coordinates": [-155.894743, 59.327801]}}, {"type": "Feature", "properties": {"id": "port-alwsorth-alaska-united-states", "name": "Port Alwsorth, Alaska, United States", "cable_id": "1693"}, "geometry": {"type": "Point", "coordinates": [-154.336932, 60.200372]}}, {"type": "Feature", "properties": {"id": "fish-camp-alaska-united-states", "name": "Fish Camp, Alaska, United States", "cable_id": "1693"}, "geometry": {"type": "Point", "coordinates": [-154.858855, 59.9492]}}, {"type": "Feature", "properties": {"id": "nondalton-alaska-united-states", "name": "Nondalton, Alaska, United States", "cable_id": "1693"}, "geometry": {"type": "Point", "coordinates": [-154.847722, 59.972649]}}, {"type": "Feature", "properties": {"id": "newhalen-alaska-united-states", "name": "Newhalen, Alaska, United States", "cable_id": "1693"}, "geometry": {"type": "Point", "coordinates": [-154.899773, 59.718145]}}, {"type": "Feature", "properties": {"id": "kokhanok-alaska-united-states", "name": "Kokhanok, Alaska, United States", "cable_id": "1693"}, "geometry": {"type": "Point", "coordinates": [-154.752752, 59.442157]}}, {"type": "Feature", "properties": {"id": "pile-bay-alaska-united-states", "name": "Pile Bay, Alaska, United States", "cable_id": "1693"}, "geometry": {"type": "Point", "coordinates": [-153.880487, 59.776055]}}, {"type": "Feature", "properties": {"id": "illiamna-alaska-united-states", "name": "Illiamna, Alaska, United States", "cable_id": "1693"}, "geometry": {"type": "Point", "coordinates": [-154.906121, 59.754766]}}, {"type": "Feature", "properties": {"id": "pedro-bay-alaska-united-states", "name": "Pedro Bay, Alaska, United States", "cable_id": "1693"}, "geometry": {"type": "Point", "coordinates": [-154.106121, 59.787213]}}, {"type": "Feature", "properties": {"id": "williamsport-alaska-united-states", "name": "Williamsport, Alaska, United States", "cable_id": "1693"}, "geometry": {"type": "Point", "coordinates": [-153.632147, 59.682403]}}, {"type": "Feature", "properties": {"id": "mchugh-point-alaska-united-states", "name": "McHugh Point, Alaska, United States", "cable_id": "1813"}, "geometry": {"type": "Point", "coordinates": [-149.732198, 61.015715]}}, {"type": "Feature", "properties": {"id": "portage-alaska-united-states", "name": "Portage, Alaska, United States", "cable_id": "1813"}, "geometry": {"type": "Point", "coordinates": [-148.989815, 60.828289]}}, {"type": "Feature", "properties": {"id": "matara-sri-lanka", "name": "Matara, Sri Lanka", "cable_id": "1559"}, "geometry": {"type": "Point", "coordinates": [80.539861, 5.940827]}}, {"type": "Feature", "properties": {"id": "kuakata-bangladesh", "name": "Kuakata, Bangladesh", "cable_id": "1559"}, "geometry": {"type": "Point", "coordinates": [90.116614, 21.816735]}}, {"type": "Feature", "properties": {"id": "ngwe-saung-myanmar", "name": "Ngwe Saung, Myanmar", "cable_id": "1739"}, "geometry": {"type": "Point", "coordinates": [94.391221, 16.858034]}}, {"type": "Feature", "properties": {"id": "ngwe-saung-myanmar", "name": "Ngwe Saung, Myanmar", "cable_id": "1559"}, "geometry": {"type": "Point", "coordinates": [94.391221, 16.858034]}}, {"type": "Feature", "properties": {"id": "yanbu-saudi-arabia", "name": "Yanbu, Saudi Arabia", "cable_id": "1559"}, "geometry": {"type": "Point", "coordinates": [38.106971, 24.070555]}}, {"type": "Feature", "properties": {"id": "toulon-france", "name": "Toulon, France", "cable_id": "1559"}, "geometry": {"type": "Point", "coordinates": [5.930338, 43.125294]}}, {"type": "Feature", "properties": {"id": "al-bustan-oman", "name": "Al Bustan, Oman", "cable_id": "1739"}, "geometry": {"type": "Point", "coordinates": [58.606082, 23.576085]}}, {"type": "Feature", "properties": {"id": "kuala-kurau-malaysia", "name": "Kuala Kurau, Malaysia", "cable_id": "1739"}, "geometry": {"type": "Point", "coordinates": [100.397078, 5.019465]}}, {"type": "Feature", "properties": {"id": "buenaventura-colombia", "name": "Buenaventura, Colombia", "cable_id": "1084"}, "geometry": {"type": "Point", "coordinates": [-77.040301, 3.883675]}}, {"type": "Feature", "properties": {"id": "puerto-chacabuco-chile", "name": "Puerto Chacabuco, Chile", "cable_id": "1805"}, "geometry": {"type": "Point", "coordinates": [-72.805098, -45.458294]}}, {"type": "Feature", "properties": {"id": "quellon-chile", "name": "Quellon, Chile", "cable_id": "1805"}, "geometry": {"type": "Point", "coordinates": [-73.479463, -43.117475]}}, {"type": "Feature", "properties": {"id": "gav-spain", "name": "Gav\u00e1, Spain", "cable_id": "1187"}, "geometry": {"type": "Point", "coordinates": [2.001348, 41.304006]}}, {"type": "Feature", "properties": {"id": "fomboni-moheli-comoros", "name": "Fomboni Moheli, Comoros", "cable_id": "1803"}, "geometry": {"type": "Point", "coordinates": [43.739585, -12.288241]}}, {"type": "Feature", "properties": {"id": "mutsamudu-comoros", "name": "Mutsamudu, Comoros", "cable_id": "1872"}, "geometry": {"type": "Point", "coordinates": [44.400034, -12.166659]}}, {"type": "Feature", "properties": {"id": "mutsamudu-comoros", "name": "Mutsamudu, Comoros", "cable_id": "1803"}, "geometry": {"type": "Point", "coordinates": [44.400034, -12.166659]}}, {"type": "Feature", "properties": {"id": "chindini-comoros", "name": "Chindini, Comoros", "cable_id": "1872"}, "geometry": {"type": "Point", "coordinates": [43.489097, -11.923495]}}, {"type": "Feature", "properties": {"id": "chindini-comoros", "name": "Chindini, Comoros", "cable_id": "1803"}, "geometry": {"type": "Point", "coordinates": [43.489097, -11.923495]}}, {"type": "Feature", "properties": {"id": "mouly-new-caledonia", "name": "Mouly, New Caledonia", "cable_id": "1802"}, "geometry": {"type": "Point", "coordinates": [166.489014, -20.705938]}}, {"type": "Feature", "properties": {"id": "xepenehe-new-caledonia", "name": "Xepenehe, New Caledonia", "cable_id": "1802"}, "geometry": {"type": "Point", "coordinates": [167.151318, -20.780913]}}, {"type": "Feature", "properties": {"id": "poindimie-new-caledonia", "name": "Poindimie, New Caledonia", "cable_id": "1802"}, "geometry": {"type": "Point", "coordinates": [165.341554, -20.945879]}}, {"type": "Feature", "properties": {"id": "angra-do-heroismo-portugal", "name": "Angra do Heroismo, Portugal", "cable_id": "1801"}, "geometry": {"type": "Point", "coordinates": [-27.215825, 38.658524]}}, {"type": "Feature", "properties": {"id": "vila-do-porto-portugal", "name": "Vila do Porto, Portugal", "cable_id": "1801"}, "geometry": {"type": "Point", "coordinates": [-25.141266, 36.956767]}}, {"type": "Feature", "properties": {"id": "sao-mateus-portugal", "name": "Sao Mateus, Portugal", "cable_id": "1801"}, "geometry": {"type": "Point", "coordinates": [-28.461235, 38.432291]}}, {"type": "Feature", "properties": {"id": "velas-portugal", "name": "Velas, Portugal", "cable_id": "1801"}, "geometry": {"type": "Point", "coordinates": [-28.213188, 38.683841]}}, {"type": "Feature", "properties": {"id": "porto-santo-madeira-portugal", "name": "Porto Santo, Madeira, Portugal", "cable_id": "1800"}, "geometry": {"type": "Point", "coordinates": [-16.347666, 33.047321]}}, {"type": "Feature", "properties": {"id": "funchal-portugal", "name": "Funchal, Portugal", "cable_id": "1725"}, "geometry": {"type": "Point", "coordinates": [-16.908945, 32.646869]}}, {"type": "Feature", "properties": {"id": "funchal-portugal", "name": "Funchal, Portugal", "cable_id": "1800"}, "geometry": {"type": "Point", "coordinates": [-16.908945, 32.646869]}}, {"type": "Feature", "properties": {"id": "toco-trinidad-and-tobago", "name": "Toco, Trinidad and Tobago", "cable_id": "1799"}, "geometry": {"type": "Point", "coordinates": [-60.949684, 10.831132]}}, {"type": "Feature", "properties": {"id": "pigeon-point-trinidad-and-tobago", "name": "Pigeon Point, Trinidad and Tobago", "cable_id": "1799"}, "geometry": {"type": "Point", "coordinates": [-60.840309, 11.16541]}}, {"type": "Feature", "properties": {"id": "kaliko-haiti", "name": "Kaliko, Haiti", "cable_id": "1361"}, "geometry": {"type": "Point", "coordinates": [-72.608711, 18.864588]}}, {"type": "Feature", "properties": {"id": "huahine-french-polynesia", "name": "Huahine, French Polynesia", "cable_id": "1556"}, "geometry": {"type": "Point", "coordinates": [-151.000068, -16.730061]}}, {"type": "Feature", "properties": {"id": "moorea-french-polynesia", "name": "Moorea, French Polynesia", "cable_id": "1556"}, "geometry": {"type": "Point", "coordinates": [-149.829561, -17.538776]}}, {"type": "Feature", "properties": {"id": "uturoa-french-polynesia", "name": "Uturoa, French Polynesia", "cable_id": "1556"}, "geometry": {"type": "Point", "coordinates": [-151.443037, -16.730915]}}, {"type": "Feature", "properties": {"id": "vaitape-french-polynesia", "name": "Vaitape, French Polynesia", "cable_id": "1556"}, "geometry": {"type": "Point", "coordinates": [-151.749531, -16.50633]}}, {"type": "Feature", "properties": {"id": "nasugbu-philippines", "name": "Nasugbu, Philippines", "cable_id": "1839"}, "geometry": {"type": "Point", "coordinates": [120.695798, 14.317593]}}, {"type": "Feature", "properties": {"id": "pinamalayan-philippines", "name": "Pinamalayan, Philippines", "cable_id": "1839"}, "geometry": {"type": "Point", "coordinates": [121.464548, 13.04578]}}, {"type": "Feature", "properties": {"id": "roxas-philippines", "name": "Roxas, Philippines", "cable_id": "1839"}, "geometry": {"type": "Point", "coordinates": [122.749997, 11.583305]}}, {"type": "Feature", "properties": {"id": "masbate-city-philippines", "name": "Masbate City, Philippines", "cable_id": "1839"}, "geometry": {"type": "Point", "coordinates": [123.616696, 12.366727]}}, {"type": "Feature", "properties": {"id": "legazpi-city-philippines", "name": "Legazpi City, Philippines", "cable_id": "1839"}, "geometry": {"type": "Point", "coordinates": [123.743746, 13.13909]}}, {"type": "Feature", "properties": {"id": "calbayog-philippines", "name": "Calbayog, Philippines", "cable_id": "1839"}, "geometry": {"type": "Point", "coordinates": [124.600289, 12.069901]}}, {"type": "Feature", "properties": {"id": "ormoc-philippines", "name": "Ormoc, Philippines", "cable_id": "1839"}, "geometry": {"type": "Point", "coordinates": [124.612789, 11.006889]}}, {"type": "Feature", "properties": {"id": "cebu-philippines", "name": "Cebu, Philippines", "cable_id": "1839"}, "geometry": {"type": "Point", "coordinates": [123.894625, 10.310039]}}, {"type": "Feature", "properties": {"id": "cadiz-city-philippines", "name": "Cadiz City, Philippines", "cable_id": "1839"}, "geometry": {"type": "Point", "coordinates": [123.299996, 10.950029]}}, {"type": "Feature", "properties": {"id": "dumaguete-philippines", "name": "Dumaguete, Philippines", "cable_id": "1839"}, "geometry": {"type": "Point", "coordinates": [123.281442, 9.295611]}}, {"type": "Feature", "properties": {"id": "ozamiz-city-philippines", "name": "Ozamiz City, Philippines", "cable_id": "1839"}, "geometry": {"type": "Point", "coordinates": [123.849996, 8.15003]}}, {"type": "Feature", "properties": {"id": "cagayan-de-oro-philippines", "name": "Cagayan de Oro, Philippines", "cable_id": "1839"}, "geometry": {"type": "Point", "coordinates": [124.631929, 8.454229]}}, {"type": "Feature", "properties": {"id": "butuan-city-philippines", "name": "Butuan City, Philippines", "cable_id": "1839"}, "geometry": {"type": "Point", "coordinates": [125.54062, 8.947613]}}, {"type": "Feature", "properties": {"id": "san-jose-de-buenavista-philippines", "name": "San Jose de Buenavista, Philippines", "cable_id": "1796"}, "geometry": {"type": "Point", "coordinates": [121.941306, 10.748808]}}, {"type": "Feature", "properties": {"id": "santiago-de-cuba-cuba", "name": "Santiago de Cuba, Cuba", "cable_id": "1529"}, "geometry": {"type": "Point", "coordinates": [-75.828974, 20.028796]}}, {"type": "Feature", "properties": {"id": "killala-ireland", "name": "Killala, Ireland", "cable_id": "1691"}, "geometry": {"type": "Point", "coordinates": [-9.232191, 54.206832]}}, {"type": "Feature", "properties": {"id": "cork-ireland", "name": "Cork, Ireland", "cable_id": "1889"}, "geometry": {"type": "Point", "coordinates": [-8.472768, 51.898337]}}, {"type": "Feature", "properties": {"id": "cork-ireland", "name": "Cork, Ireland", "cable_id": "1673"}, "geometry": {"type": "Point", "coordinates": [-8.472768, 51.898337]}}, {"type": "Feature", "properties": {"id": "milton-newfoundland-and-labrador-canada", "name": "Milton, Newfoundland and Labrador, Canada", "cable_id": "1569"}, "geometry": {"type": "Point", "coordinates": [-53.960234, 48.207616]}}, {"type": "Feature", "properties": {"id": "pacific-city-or-united-states", "name": "Pacific City, OR, United States", "cable_id": "1786"}, "geometry": {"type": "Point", "coordinates": [-123.96263, 45.201929]}}, {"type": "Feature", "properties": {"id": "pacific-city-or-united-states", "name": "Pacific City, OR, United States", "cable_id": "1733"}, "geometry": {"type": "Point", "coordinates": [-123.96263, 45.201929]}}, {"type": "Feature", "properties": {"id": "blackpool-sands-united-kingdom", "name": "Blackpool Sands, United Kingdom", "cable_id": "1784"}, "geometry": {"type": "Point", "coordinates": [-3.610905, 50.318833]}}, {"type": "Feature", "properties": {"id": "ende-indonesia", "name": "Ende, Indonesia", "cable_id": "1780"}, "geometry": {"type": "Point", "coordinates": [121.65156, -8.855308]}}, {"type": "Feature", "properties": {"id": "sumbawa-besar-indonesia", "name": "Sumbawa Besar, Indonesia", "cable_id": "1780"}, "geometry": {"type": "Point", "coordinates": [117.400976, -8.496959]}}, {"type": "Feature", "properties": {"id": "ambalawi-indonesia", "name": "Ambalawi, Indonesia", "cable_id": "1780"}, "geometry": {"type": "Point", "coordinates": [118.76035, -8.319396]}}, {"type": "Feature", "properties": {"id": "saraemee-indonesia", "name": "Saraemee, Indonesia", "cable_id": "1780"}, "geometry": {"type": "Point", "coordinates": [118.711815, -8.796934]}}, {"type": "Feature", "properties": {"id": "waingapu-indonesia", "name": "Waingapu, Indonesia", "cable_id": "1780"}, "geometry": {"type": "Point", "coordinates": [120.253025, -9.646153]}}, {"type": "Feature", "properties": {"id": "kupang-indonesia", "name": "Kupang, Indonesia", "cable_id": "1780"}, "geometry": {"type": "Point", "coordinates": [123.583395, -10.183311]}}, {"type": "Feature", "properties": {"id": "taytay-philippines", "name": "Taytay, Philippines", "cable_id": "1796"}, "geometry": {"type": "Point", "coordinates": [119.500389, 10.819609]}}, {"type": "Feature", "properties": {"id": "taytay-philippines", "name": "Taytay, Philippines", "cable_id": "1781"}, "geometry": {"type": "Point", "coordinates": [119.500389, 10.819609]}}, {"type": "Feature", "properties": {"id": "san-jose-philippines", "name": "San Jose, Philippines", "cable_id": "1781"}, "geometry": {"type": "Point", "coordinates": [121.050095, 12.362626]}}, {"type": "Feature", "properties": {"id": "coron-philippines", "name": "Coron, Philippines", "cable_id": "1781"}, "geometry": {"type": "Point", "coordinates": [120.200682, 12.00496]}}, {"type": "Feature", "properties": {"id": "el-quawef-libya", "name": "El-Quawef, Libya", "cable_id": "1779"}, "geometry": {"type": "Point", "coordinates": [25.087372, 31.76081]}}, {"type": "Feature", "properties": {"id": "faial-portugal", "name": "Faial, Portugal", "cable_id": "1801"}, "geometry": {"type": "Point", "coordinates": [-28.647563, 38.525101]}}, {"type": "Feature", "properties": {"id": "faial-portugal", "name": "Faial, Portugal", "cable_id": "1782"}, "geometry": {"type": "Point", "coordinates": [-28.647563, 38.525101]}}, {"type": "Feature", "properties": {"id": "graciosa-portugal", "name": "Graciosa, Portugal", "cable_id": "1801"}, "geometry": {"type": "Point", "coordinates": [-27.963481, 39.011026]}}, {"type": "Feature", "properties": {"id": "graciosa-portugal", "name": "Graciosa, Portugal", "cable_id": "1782"}, "geometry": {"type": "Point", "coordinates": [-27.963481, 39.011026]}}, {"type": "Feature", "properties": {"id": "corvo-portugal", "name": "Corvo, Portugal", "cable_id": "1782"}, "geometry": {"type": "Point", "coordinates": [-31.11055, 39.671939]}}, {"type": "Feature", "properties": {"id": "flores-portugal", "name": "Flores, Portugal", "cable_id": "1782"}, "geometry": {"type": "Point", "coordinates": [-31.128519, 39.46221]}}, {"type": "Feature", "properties": {"id": "piedra-santa-spain", "name": "Piedra Santa, Spain", "cable_id": "1778"}, "geometry": {"type": "Point", "coordinates": [-15.4088, 28.040621]}}, {"type": "Feature", "properties": {"id": "piedra-santa-spain", "name": "Piedra Santa, Spain", "cable_id": "1777"}, "geometry": {"type": "Point", "coordinates": [-15.4088, 28.040621]}}, {"type": "Feature", "properties": {"id": "las-caletillas-spain", "name": "Las Caletillas, Spain", "cable_id": "1778"}, "geometry": {"type": "Point", "coordinates": [-16.362364, 28.377279]}}, {"type": "Feature", "properties": {"id": "las-caletillas-spain", "name": "Las Caletillas, Spain", "cable_id": "1777"}, "geometry": {"type": "Point", "coordinates": [-16.362364, 28.377279]}}, {"type": "Feature", "properties": {"id": "sihanoukville-cambodia", "name": "Sihanoukville, Cambodia", "cable_id": "1739"}, "geometry": {"type": "Point", "coordinates": [103.506647, 10.630009]}}, {"type": "Feature", "properties": {"id": "sihanoukville-cambodia", "name": "Sihanoukville, Cambodia", "cable_id": "1776"}, "geometry": {"type": "Point", "coordinates": [103.506647, 10.630009]}}, {"type": "Feature", "properties": {"id": "tera-cora-curaao", "name": "Tera Cora, Cura\u00e7ao", "cable_id": "1727"}, "geometry": {"type": "Point", "coordinates": [-69.020627, 12.234501]}}, {"type": "Feature", "properties": {"id": "kralendijk-bonaire-netherlands", "name": "Kralendijk, Bonaire, Netherlands", "cable_id": "1494"}, "geometry": {"type": "Point", "coordinates": [-68.276682, 12.150687]}}, {"type": "Feature", "properties": {"id": "north-salina-bonaire-netherlands", "name": "North Salina, Bonaire, Netherlands", "cable_id": "1774"}, "geometry": {"type": "Point", "coordinates": [-68.284104, 12.163773]}}, {"type": "Feature", "properties": {"id": "ratmalana-sri-lanka", "name": "Ratmalana, Sri Lanka", "cable_id": "1735"}, "geometry": {"type": "Point", "coordinates": [79.889275, 6.820392]}}, {"type": "Feature", "properties": {"id": "mataram-indonesia", "name": "Mataram, Indonesia", "cable_id": "1780"}, "geometry": {"type": "Point", "coordinates": [116.081543, -8.586388]}}, {"type": "Feature", "properties": {"id": "mataram-indonesia", "name": "Mataram, Indonesia", "cable_id": "1767"}, "geometry": {"type": "Point", "coordinates": [116.081543, -8.586388]}}, {"type": "Feature", "properties": {"id": "jimbaran-indonesia", "name": "Jimbaran, Indonesia", "cable_id": "1767"}, "geometry": {"type": "Point", "coordinates": [115.159864, -8.784093]}}, {"type": "Feature", "properties": {"id": "beculuk-indonesia", "name": "Beculuk, Indonesia", "cable_id": "1767"}, "geometry": {"type": "Point", "coordinates": [114.097071, -8.615636]}}, {"type": "Feature", "properties": {"id": "bali-indonesia", "name": "Bali, Indonesia", "cable_id": "1767"}, "geometry": {"type": "Point", "coordinates": [115.596973, -8.464415]}}, {"type": "Feature", "properties": {"id": "toweli-indonesia", "name": "Toweli, Indonesia", "cable_id": "1767"}, "geometry": {"type": "Point", "coordinates": [119.388377, -1.14247]}}, {"type": "Feature", "properties": {"id": "sangata-indonesia", "name": "Sangata, Indonesia", "cable_id": "1767"}, "geometry": {"type": "Point", "coordinates": [117.550976, 0.326889]}}, {"type": "Feature", "properties": {"id": "pankalan-indonesia", "name": "Pankalan, Indonesia", "cable_id": "1767"}, "geometry": {"type": "Point", "coordinates": [111.752932, -2.849672]}}, {"type": "Feature", "properties": {"id": "ketapang-indonesia", "name": "Ketapang, Indonesia", "cable_id": "1767"}, "geometry": {"type": "Point", "coordinates": [109.971878, -1.85912]}}, {"type": "Feature", "properties": {"id": "banjarmasin-indonesia", "name": "Banjarmasin, Indonesia", "cable_id": "1880"}, "geometry": {"type": "Point", "coordinates": [114.604005, -3.327967]}}, {"type": "Feature", "properties": {"id": "banjarmasin-indonesia", "name": "Banjarmasin, Indonesia", "cable_id": "1767"}, "geometry": {"type": "Point", "coordinates": [114.604005, -3.327967]}}, {"type": "Feature", "properties": {"id": "pontianak-indonesia", "name": "Pontianak, Indonesia", "cable_id": "1767"}, "geometry": {"type": "Point", "coordinates": [109.335648, -0.027407]}}, {"type": "Feature", "properties": {"id": "klagshamn-sweden", "name": "Klagshamn, Sweden", "cable_id": "1765"}, "geometry": {"type": "Point", "coordinates": [12.916663, 55.533296]}}, {"type": "Feature", "properties": {"id": "brondby-denmark", "name": "Brondby, Denmark", "cable_id": "1765"}, "geometry": {"type": "Point", "coordinates": [12.414905, 55.647249]}}, {"type": "Feature", "properties": {"id": "nybor-denmark", "name": "Nybor, Denmark", "cable_id": "1761"}, "geometry": {"type": "Point", "coordinates": [10.799476, 55.324104]}}, {"type": "Feature", "properties": {"id": "korsor-denmark", "name": "Korsor, Denmark", "cable_id": "1761"}, "geometry": {"type": "Point", "coordinates": [11.149379, 55.325752]}}, {"type": "Feature", "properties": {"id": "rostock-germany", "name": "Rostock, Germany", "cable_id": "1816"}, "geometry": {"type": "Point", "coordinates": [12.132386, 54.07889]}}, {"type": "Feature", "properties": {"id": "rostock-germany", "name": "Rostock, Germany", "cable_id": "1762"}, "geometry": {"type": "Point", "coordinates": [12.132386, 54.07889]}}, {"type": "Feature", "properties": {"id": "rostock-germany", "name": "Rostock, Germany", "cable_id": "1759"}, "geometry": {"type": "Point", "coordinates": [12.132386, 54.07889]}}, {"type": "Feature", "properties": {"id": "markgrafenheide-germany", "name": "Markgrafenheide, Germany", "cable_id": "1764"}, "geometry": {"type": "Point", "coordinates": [12.149476, 54.191402]}}, {"type": "Feature", "properties": {"id": "osterby-denmark", "name": "Osterby, Denmark", "cable_id": "1688"}, "geometry": {"type": "Point", "coordinates": [11.199281, 57.313459]}}, {"type": "Feature", "properties": {"id": "kristinelund-sweden", "name": "Kristinelund, Sweden", "cable_id": "1730"}, "geometry": {"type": "Point", "coordinates": [12.588636, 56.134736]}}, {"type": "Feature", "properties": {"id": "velling-sweden", "name": "Velling, Sweden", "cable_id": "1261"}, "geometry": {"type": "Point", "coordinates": [12.963831, 55.471065]}}, {"type": "Feature", "properties": {"id": "mosede-denmark", "name": "Mosede, Denmark", "cable_id": "1261"}, "geometry": {"type": "Point", "coordinates": [12.273011, 55.57585]}}, {"type": "Feature", "properties": {"id": "tinian-northern-mariana-islands", "name": "Tinian, Northern Mariana Islands", "cable_id": "1757"}, "geometry": {"type": "Point", "coordinates": [145.637461, 15.011123]}}, {"type": "Feature", "properties": {"id": "saipan-northern-mariana-islands", "name": "Saipan, Northern Mariana Islands", "cable_id": "1757"}, "geometry": {"type": "Point", "coordinates": [145.750938, 15.177737]}}, {"type": "Feature", "properties": {"id": "rota-northern-mariana-islands", "name": "Rota, Northern Mariana Islands", "cable_id": "1757"}, "geometry": {"type": "Point", "coordinates": [145.212462, 14.151846]}}, {"type": "Feature", "properties": {"id": "vila-olga-vi-united-states", "name": "Vila Olga, VI, United States", "cable_id": "1756"}, "geometry": {"type": "Point", "coordinates": [-64.948022, 18.335731]}}, {"type": "Feature", "properties": {"id": "banana-bay-vi-united-states", "name": "Banana Bay, VI, United States", "cable_id": "1756"}, "geometry": {"type": "Point", "coordinates": [-64.943774, 18.328224]}}, {"type": "Feature", "properties": {"id": "flamingo-bay-vi-united-states", "name": "Flamingo Bay, VI, United States", "cable_id": "1756"}, "geometry": {"type": "Point", "coordinates": [-64.957787, 18.31283]}}, {"type": "Feature", "properties": {"id": "tortola-virgin-islands-u-k-", "name": "Tortola, Virgin Islands (U.K.)", "cable_id": "1290"}, "geometry": {"type": "Point", "coordinates": [-64.597241, 18.414784]}}, {"type": "Feature", "properties": {"id": "great-bay-vi-united-states", "name": "Great Bay, VI, United States", "cable_id": "1756"}, "geometry": {"type": "Point", "coordinates": [-64.843188, 18.322474]}}, {"type": "Feature", "properties": {"id": "brewers-bay-vi-united-states", "name": "Brewer's Bay, VI, United States", "cable_id": "1756"}, "geometry": {"type": "Point", "coordinates": [-64.975317, 18.342408]}}, {"type": "Feature", "properties": {"id": "st-croix-virgin-islands-united-states", "name": "St. Croix, Virgin Islands, United States", "cable_id": "1829"}, "geometry": {"type": "Point", "coordinates": [-64.819408, 17.771864]}}, {"type": "Feature", "properties": {"id": "frederiksted-vi-united-states", "name": "Frederiksted, VI, United States", "cable_id": "1756"}, "geometry": {"type": "Point", "coordinates": [-64.881518, 17.712428]}}, {"type": "Feature", "properties": {"id": "christiansted-vi-united-states", "name": "Christiansted, VI, United States", "cable_id": "1756"}, "geometry": {"type": "Point", "coordinates": [-64.703149, 17.746656]}}, {"type": "Feature", "properties": {"id": "larne-united-kingdom", "name": "Larne, United Kingdom", "cable_id": "1614"}, "geometry": {"type": "Point", "coordinates": [-5.809879, 54.857491]}}, {"type": "Feature", "properties": {"id": "girvan-united-kingdom", "name": "Girvan, United Kingdom", "cable_id": "1614"}, "geometry": {"type": "Point", "coordinates": [-4.854215, 55.240205]}}, {"type": "Feature", "properties": {"id": "donaghadee-united-kingdom", "name": "Donaghadee, United Kingdom", "cable_id": "1387"}, "geometry": {"type": "Point", "coordinates": [-5.538785, 54.642867]}}, {"type": "Feature", "properties": {"id": "portpatrick-united-kingdom", "name": "Portpatrick, United Kingdom", "cable_id": "1387"}, "geometry": {"type": "Point", "coordinates": [-5.115543, 54.843721]}}, {"type": "Feature", "properties": {"id": "carrickfergus-united-kingdom", "name": "Carrickfergus, United Kingdom", "cable_id": "1754"}, "geometry": {"type": "Point", "coordinates": [-5.80817, 54.713668]}}, {"type": "Feature", "properties": {"id": "saltcoats-united-kingdom", "name": "Saltcoats, United Kingdom", "cable_id": "1754"}, "geometry": {"type": "Point", "coordinates": [-4.783512, 55.637581]}}, {"type": "Feature", "properties": {"id": "douglas-isle-of-man", "name": "Douglas, Isle of Man", "cable_id": "1753"}, "geometry": {"type": "Point", "coordinates": [-4.480875, 54.150277]}}, {"type": "Feature", "properties": {"id": "ballyhornan-united-kingdom", "name": "Ballyhornan, United Kingdom", "cable_id": "1752"}, "geometry": {"type": "Point", "coordinates": [-5.55939, 54.302047]}}, {"type": "Feature", "properties": {"id": "silecroft-beach-united-kingdom", "name": "Silecroft Beach, United Kingdom", "cable_id": "1752"}, "geometry": {"type": "Point", "coordinates": [-3.357145, 54.210628]}}, {"type": "Feature", "properties": {"id": "groudle-bay-united-kingdom", "name": "Groudle Bay, United Kingdom", "cable_id": "1752"}, "geometry": {"type": "Point", "coordinates": [-4.423893, 54.166976]}}, {"type": "Feature", "properties": {"id": "peel-united-kingdom", "name": "Peel, United Kingdom", "cable_id": "1752"}, "geometry": {"type": "Point", "coordinates": [-4.691422, 54.222445]}}, {"type": "Feature", "properties": {"id": "peel-united-kingdom", "name": "Peel, United Kingdom", "cable_id": "1751"}, "geometry": {"type": "Point", "coordinates": [-4.691422, 54.222445]}}, {"type": "Feature", "properties": {"id": "ballywater-united-kingdom", "name": "Ballywater, United Kingdom", "cable_id": "1751"}, "geometry": {"type": "Point", "coordinates": [-5.48439, 54.542745]}}, {"type": "Feature", "properties": {"id": "port-grenaugh-united-kingdom", "name": "Port Grenaugh, United Kingdom", "cable_id": "1616"}, "geometry": {"type": "Point", "coordinates": [-4.566666, 54.099996]}}, {"type": "Feature", "properties": {"id": "hulhumale-maldives", "name": "Hulhumale, Maldives", "cable_id": "1868"}, "geometry": {"type": "Point", "coordinates": [73.540157, 4.211946]}}, {"type": "Feature", "properties": {"id": "hulhumale-maldives", "name": "Hulhumale, Maldives", "cable_id": "1746"}, "geometry": {"type": "Point", "coordinates": [73.540157, 4.211946]}}, {"type": "Feature", "properties": {"id": "kulhudhufushi-maldives", "name": "Kulhudhufushi, Maldives", "cable_id": "1868"}, "geometry": {"type": "Point", "coordinates": [73.071407, 6.622443]}}, {"type": "Feature", "properties": {"id": "kulhudhufushi-maldives", "name": "Kulhudhufushi, Maldives", "cable_id": "1746"}, "geometry": {"type": "Point", "coordinates": [73.071407, 6.622443]}}, {"type": "Feature", "properties": {"id": "eydhafushi-maldives", "name": "Eydhafushi, Maldives", "cable_id": "1868"}, "geometry": {"type": "Point", "coordinates": [73.070821, 5.10323]}}, {"type": "Feature", "properties": {"id": "eydhafushi-maldives", "name": "Eydhafushi, Maldives", "cable_id": "1746"}, "geometry": {"type": "Point", "coordinates": [73.070821, 5.10323]}}, {"type": "Feature", "properties": {"id": "dhangethi-maldives", "name": "Dhangethi, Maldives", "cable_id": "1746"}, "geometry": {"type": "Point", "coordinates": [72.955587, 3.608089]}}, {"type": "Feature", "properties": {"id": "gan-maldives", "name": "Gan, Maldives", "cable_id": "1746"}, "geometry": {"type": "Point", "coordinates": [73.544649, 1.918417]}}, {"type": "Feature", "properties": {"id": "gahdhoo-maldives", "name": "Gahdhoo, Maldives", "cable_id": "1746"}, "geometry": {"type": "Point", "coordinates": [73.455489, 0.288803]}}, {"type": "Feature", "properties": {"id": "hithadhoo-maldives", "name": "Hithadhoo, Maldives", "cable_id": "1868"}, "geometry": {"type": "Point", "coordinates": [73.089181, -0.60602]}}, {"type": "Feature", "properties": {"id": "hithadhoo-maldives", "name": "Hithadhoo, Maldives", "cable_id": "1746"}, "geometry": {"type": "Point", "coordinates": [73.089181, -0.60602]}}, {"type": "Feature", "properties": {"id": "fuvahmulah-maldives", "name": "Fuvahmulah, Maldives", "cable_id": "1746"}, "geometry": {"type": "Point", "coordinates": [73.426876, -0.298306]}}, {"type": "Feature", "properties": {"id": "port-gentil-gabon", "name": "Port Gentil, Gabon", "cable_id": "1747"}, "geometry": {"type": "Point", "coordinates": [8.781606, -0.721035]}}, {"type": "Feature", "properties": {"id": "egmond-netherlands", "name": "Egmond, Netherlands", "cable_id": "1365"}, "geometry": {"type": "Point", "coordinates": [4.616374, 52.616379]}}, {"type": "Feature", "properties": {"id": "winterton-on-sea-united-kingdom", "name": "Winterton-on-Sea, United Kingdom", "cable_id": "1365"}, "geometry": {"type": "Point", "coordinates": [1.693536, 52.715231]}}, {"type": "Feature", "properties": {"id": "lusk-ireland", "name": "Lusk, Ireland", "cable_id": "1685"}, "geometry": {"type": "Point", "coordinates": [-6.165884, 53.526254]}}, {"type": "Feature", "properties": {"id": "tobrok-libya", "name": "Tobrok, Libya", "cable_id": "1779"}, "geometry": {"type": "Point", "coordinates": [23.96031, 32.079609]}}, {"type": "Feature", "properties": {"id": "tobrok-libya", "name": "Tobrok, Libya", "cable_id": "1184"}, "geometry": {"type": "Point", "coordinates": [23.96031, 32.079609]}}, {"type": "Feature", "properties": {"id": "al-baida-libya", "name": "Al Baida, Libya", "cable_id": "1184"}, "geometry": {"type": "Point", "coordinates": [21.741659, 32.881732]}}, {"type": "Feature", "properties": {"id": "tolmeta-libya", "name": "Tolmeta, Libya", "cable_id": "1184"}, "geometry": {"type": "Point", "coordinates": [20.94996, 32.71673]}}, {"type": "Feature", "properties": {"id": "benghazi-libya", "name": "Benghazi, Libya", "cable_id": "1184"}, "geometry": {"type": "Point", "coordinates": [20.066757, 32.116584]}}, {"type": "Feature", "properties": {"id": "al-brega-libya", "name": "Al Brega, Libya", "cable_id": "1184"}, "geometry": {"type": "Point", "coordinates": [19.576523, 30.378108]}}, {"type": "Feature", "properties": {"id": "ras-lanuf-libya", "name": "Ras Lanuf, Libya", "cable_id": "1184"}, "geometry": {"type": "Point", "coordinates": [18.411875, 30.586738]}}, {"type": "Feature", "properties": {"id": "sirt-libya", "name": "Sirt, Libya", "cable_id": "1184"}, "geometry": {"type": "Point", "coordinates": [16.588341, 31.205256]}}, {"type": "Feature", "properties": {"id": "misurata-libya", "name": "Misurata, Libya", "cable_id": "1184"}, "geometry": {"type": "Point", "coordinates": [15.094787, 32.374274]}}, {"type": "Feature", "properties": {"id": "al-khoms-libya", "name": "Al Khoms, Libya", "cable_id": "1184"}, "geometry": {"type": "Point", "coordinates": [14.264416, 32.649664]}}, {"type": "Feature", "properties": {"id": "zawia-libya", "name": "Zawia, Libya", "cable_id": "1184"}, "geometry": {"type": "Point", "coordinates": [12.529749, 32.774725]}}, {"type": "Feature", "properties": {"id": "zwara-libya", "name": "Zwara, Libya", "cable_id": "1184"}, "geometry": {"type": "Point", "coordinates": [12.083362, 32.93338]}}, {"type": "Feature", "properties": {"id": "hermosa-beach-california-united-states", "name": "Hermosa Beach, California, United States", "cable_id": "1928"}, "geometry": {"type": "Point", "coordinates": [-118.399546, 33.862237]}}, {"type": "Feature", "properties": {"id": "hermosa-beach-california-united-states", "name": "Hermosa Beach, California, United States", "cable_id": "1823"}, "geometry": {"type": "Point", "coordinates": [-118.399546, 33.862237]}}, {"type": "Feature", "properties": {"id": "sandy-point-australia", "name": "Sandy Point, Australia", "cable_id": "1472"}, "geometry": {"type": "Point", "coordinates": [146.119688, -38.820187]}}, {"type": "Feature", "properties": {"id": "four-mile-bluff-australia", "name": "Four Mile Bluff, Australia", "cable_id": "1742"}, "geometry": {"type": "Point", "coordinates": [146.850156, -41.033272]}}, {"type": "Feature", "properties": {"id": "mcgaurans-beach-australia", "name": "McGaurans Beach, Australia", "cable_id": "1742"}, "geometry": {"type": "Point", "coordinates": [147.07125, -38.443624]}}, {"type": "Feature", "properties": {"id": "stanley-australia", "name": "Stanley, Australia", "cable_id": "1492"}, "geometry": {"type": "Point", "coordinates": [145.294102, -40.760371]}}, {"type": "Feature", "properties": {"id": "inverloch-australia", "name": "Inverloch, Australia", "cable_id": "1492"}, "geometry": {"type": "Point", "coordinates": [145.729454, -38.633444]}}, {"type": "Feature", "properties": {"id": "boat-harbour-tasmania-australia", "name": "Boat Harbour, Tasmania, Australia", "cable_id": "1472"}, "geometry": {"type": "Point", "coordinates": [145.62379, -40.950874]}}, {"type": "Feature", "properties": {"id": "balboa-panama", "name": "Balboa, Panama", "cable_id": "1791"}, "geometry": {"type": "Point", "coordinates": [-79.566679, 8.95003]}}, {"type": "Feature", "properties": {"id": "balboa-panama", "name": "Balboa, Panama", "cable_id": "1727"}, "geometry": {"type": "Point", "coordinates": [-79.566679, 8.95003]}}, {"type": "Feature", "properties": {"id": "manta-ecuador", "name": "Manta, Ecuador", "cable_id": "1727"}, "geometry": {"type": "Point", "coordinates": [-80.71619, -0.950014]}}, {"type": "Feature", "properties": {"id": "hudishibana-aruba", "name": "Hudishibana, Aruba", "cable_id": "1727"}, "geometry": {"type": "Point", "coordinates": [-70.049972, 12.61663]}}, {"type": "Feature", "properties": {"id": "tyra", "name": "Tyra", "cable_id": "1737"}, "geometry": {"type": "Point", "coordinates": [4.748503, 55.715608]}}, {"type": "Feature", "properties": {"id": "valdemar", "name": "Valdemar", "cable_id": "1737"}, "geometry": {"type": "Point", "coordinates": [4.564323, 55.804072]}}, {"type": "Feature", "properties": {"id": "south-arne", "name": "South Arne", "cable_id": "1737"}, "geometry": {"type": "Point", "coordinates": [4.228386, 56.078291]}}, {"type": "Feature", "properties": {"id": "tjornuvik-faeroe-islands", "name": "Tjornuvik, Faeroe Islands", "cable_id": "1737"}, "geometry": {"type": "Point", "coordinates": [-7.147231, 62.289921]}}, {"type": "Feature", "properties": {"id": "vestmannaeyjar-iceland", "name": "Vestmannaeyjar, Iceland", "cable_id": "1737"}, "geometry": {"type": "Point", "coordinates": [-20.267293, 63.437687]}}, {"type": "Feature", "properties": {"id": "ajaccio-france", "name": "Ajaccio, France", "cable_id": "1428"}, "geometry": {"type": "Point", "coordinates": [8.738638, 41.919326]}}, {"type": "Feature", "properties": {"id": "la-seyne-france", "name": "La Seyne, France", "cable_id": "1428"}, "geometry": {"type": "Point", "coordinates": [5.878092, 43.102907]}}, {"type": "Feature", "properties": {"id": "lle-rousse-france", "name": "L\u2019\u00cele-Rousse, France", "cable_id": "1427"}, "geometry": {"type": "Point", "coordinates": [8.937075, 42.636513]}}, {"type": "Feature", "properties": {"id": "cannes-france", "name": "Cannes, France", "cable_id": "1427"}, "geometry": {"type": "Point", "coordinates": [7.017349, 43.552931]}}, {"type": "Feature", "properties": {"id": "condado-beach-pr-united-states", "name": "Condado Beach, PR, United States", "cable_id": "1229"}, "geometry": {"type": "Point", "coordinates": [-66.077953, 18.459901]}}, {"type": "Feature", "properties": {"id": "alsgarde-denmark", "name": "Alsgarde, Denmark", "cable_id": "1730"}, "geometry": {"type": "Point", "coordinates": [12.536878, 56.074885]}}, {"type": "Feature", "properties": {"id": "pargas-finland", "name": "Pargas, Finland", "cable_id": "1340"}, "geometry": {"type": "Point", "coordinates": [22.301033, 60.306621]}}, {"type": "Feature", "properties": {"id": "kristiansand-norway", "name": "Kristiansand, Norway", "cable_id": "1875"}, "geometry": {"type": "Point", "coordinates": [7.996255, 58.150958]}}, {"type": "Feature", "properties": {"id": "kristiansand-norway", "name": "Kristiansand, Norway", "cable_id": "1327"}, "geometry": {"type": "Point", "coordinates": [7.996255, 58.150958]}}, {"type": "Feature", "properties": {"id": "thisted-denmark", "name": "Thisted, Denmark", "cable_id": "1327"}, "geometry": {"type": "Point", "coordinates": [8.703481, 56.959162]}}, {"type": "Feature", "properties": {"id": "arendal-norway", "name": "Arendal, Norway", "cable_id": "1326"}, "geometry": {"type": "Point", "coordinates": [8.772427, 58.4617]}}, {"type": "Feature", "properties": {"id": "hjrring-denmark", "name": "Hj\u00f8rring, Denmark", "cable_id": "1326"}, "geometry": {"type": "Point", "coordinates": [9.995571, 57.456135]}}, {"type": "Feature", "properties": {"id": "monte-carlo-monaco", "name": "Monte Carlo, Monaco", "cable_id": "1302"}, "geometry": {"type": "Point", "coordinates": [7.427212, 43.739735]}}, {"type": "Feature", "properties": {"id": "otranto-italy", "name": "Otranto, Italy", "cable_id": "1299"}, "geometry": {"type": "Point", "coordinates": [18.485703, 40.14805]}}, {"type": "Feature", "properties": {"id": "umag-croatia", "name": "Umag, Croatia", "cable_id": "1286"}, "geometry": {"type": "Point", "coordinates": [13.520178, 45.433106]}}, {"type": "Feature", "properties": {"id": "mestre-italy", "name": "Mestre, Italy", "cable_id": "1286"}, "geometry": {"type": "Point", "coordinates": [12.244105, 45.495874]}}, {"type": "Feature", "properties": {"id": "vaasa-finland", "name": "Vaasa, Finland", "cable_id": "1271"}, "geometry": {"type": "Point", "coordinates": [21.616366, 63.095194]}}, {"type": "Feature", "properties": {"id": "ume-sweden", "name": "Ume\u00e5, Sweden", "cable_id": "1271"}, "geometry": {"type": "Point", "coordinates": [20.262948, 63.82587]}}, {"type": "Feature", "properties": {"id": "nynashamn-sweden", "name": "Nynashamn, Sweden", "cable_id": "1270"}, "geometry": {"type": "Point", "coordinates": [17.946543, 58.902923]}}, {"type": "Feature", "properties": {"id": "meremisa-estonia", "name": "Merem\u00f6isa, Estonia", "cable_id": "1268"}, "geometry": {"type": "Point", "coordinates": [24.276618, 59.400848]}}, {"type": "Feature", "properties": {"id": "mielno-poland", "name": "Mielno, Poland", "cable_id": "1262"}, "geometry": {"type": "Point", "coordinates": [16.062267, 54.259945]}}, {"type": "Feature", "properties": {"id": "gedebak-odde-denmark", "name": "Gedebak Odde, Denmark", "cable_id": "1262"}, "geometry": {"type": "Point", "coordinates": [14.966662, 55.012593]}}, {"type": "Feature", "properties": {"id": "vdd-sweden", "name": "V\u00e4dd\u00f6, Sweden", "cable_id": "1208"}, "geometry": {"type": "Point", "coordinates": [18.816562, 59.983379]}}, {"type": "Feature", "properties": {"id": "norrtalge-sweden", "name": "Norrtalge, Sweden", "cable_id": "1207"}, "geometry": {"type": "Point", "coordinates": [18.701328, 59.759661]}}, {"type": "Feature", "properties": {"id": "turku-finland", "name": "Turku, Finland", "cable_id": "1207"}, "geometry": {"type": "Point", "coordinates": [22.259237, 60.449309]}}, {"type": "Feature", "properties": {"id": "santo-domingo-dominican-republic", "name": "Santo Domingo, Dominican Republic", "cable_id": "1227"}, "geometry": {"type": "Point", "coordinates": [-69.983273, 18.500001]}}, {"type": "Feature", "properties": {"id": "dubrovnik-croatia", "name": "Dubrovnik, Croatia", "cable_id": "1317"}, "geometry": {"type": "Point", "coordinates": [18.106406, 42.641859]}}, {"type": "Feature", "properties": {"id": "corfu-greece", "name": "Corfu, Greece", "cable_id": "1299"}, "geometry": {"type": "Point", "coordinates": [19.919492, 39.619302]}}, {"type": "Feature", "properties": {"id": "corfu-greece", "name": "Corfu, Greece", "cable_id": "1317"}, "geometry": {"type": "Point", "coordinates": [19.919492, 39.619302]}}, {"type": "Feature", "properties": {"id": "durres-albania", "name": "Durres, Albania", "cable_id": "1317"}, "geometry": {"type": "Point", "coordinates": [19.450058, 41.316689]}}, {"type": "Feature", "properties": {"id": "durres-albania", "name": "Durres, Albania", "cable_id": "1296"}, "geometry": {"type": "Point", "coordinates": [19.450058, 41.316689]}}, {"type": "Feature", "properties": {"id": "bridgetown-barbados", "name": "Bridgetown, Barbados", "cable_id": "1290"}, "geometry": {"type": "Point", "coordinates": [-59.613356, 13.098954]}}, {"type": "Feature", "properties": {"id": "castries-saint-lucia", "name": "Castries, Saint Lucia", "cable_id": "1290"}, "geometry": {"type": "Point", "coordinates": [-61.006813, 13.994217]}}, {"type": "Feature", "properties": {"id": "pointe-a-pitre-guadeloupe", "name": "Pointe-a-Pitre, Guadeloupe", "cable_id": "1290"}, "geometry": {"type": "Point", "coordinates": [-61.533082, 16.241042]}}, {"type": "Feature", "properties": {"id": "roseau-dominica", "name": "Roseau, Dominica", "cable_id": "1290"}, "geometry": {"type": "Point", "coordinates": [-61.370728, 15.251797]}}, {"type": "Feature", "properties": {"id": "plymouth-montserrat", "name": "Plymouth, Montserrat", "cable_id": "1290"}, "geometry": {"type": "Point", "coordinates": [-62.215699, 16.706569]}}, {"type": "Feature", "properties": {"id": "the-valley-anguilla", "name": "The Valley, Anguilla", "cable_id": "1290"}, "geometry": {"type": "Point", "coordinates": [-63.057202, 18.217408]}}, {"type": "Feature", "properties": {"id": "santos-brazil", "name": "Santos, Brazil", "cable_id": "1876"}, "geometry": {"type": "Point", "coordinates": [-46.328072, -23.961844]}}, {"type": "Feature", "properties": {"id": "santos-brazil", "name": "Santos, Brazil", "cable_id": "1725"}, "geometry": {"type": "Point", "coordinates": [-46.328072, -23.961844]}}, {"type": "Feature", "properties": {"id": "santos-brazil", "name": "Santos, Brazil", "cable_id": "1860"}, "geometry": {"type": "Point", "coordinates": [-46.328072, -23.961844]}}, {"type": "Feature", "properties": {"id": "santos-brazil", "name": "Santos, Brazil", "cable_id": "1787"}, "geometry": {"type": "Point", "coordinates": [-46.328072, -23.961844]}}, {"type": "Feature", "properties": {"id": "cagliari-italy", "name": "Cagliari, Italy", "cable_id": "1729"}, "geometry": {"type": "Point", "coordinates": [9.10934, 39.215311]}}, {"type": "Feature", "properties": {"id": "civitavecchia-italy", "name": "Civitavecchia, Italy", "cable_id": "1729"}, "geometry": {"type": "Point", "coordinates": [11.796839, 42.091127]}}, {"type": "Feature", "properties": {"id": "olbia-italy", "name": "Olbia, Italy", "cable_id": "1729"}, "geometry": {"type": "Point", "coordinates": [9.486879, 40.922512]}}, {"type": "Feature", "properties": {"id": "khark-island-iran", "name": "Khark Island, Iran", "cable_id": "1250"}, "geometry": {"type": "Point", "coordinates": [50.312043, 29.245772]}}, {"type": "Feature", "properties": {"id": "soroosh-platform-iran", "name": "Soroosh Platform, Iran", "cable_id": "1250"}, "geometry": {"type": "Point", "coordinates": [49.478059, 29.072481]}}, {"type": "Feature", "properties": {"id": "diba-oman", "name": "Diba, Oman", "cable_id": "1695"}, "geometry": {"type": "Point", "coordinates": [56.258036, 25.616977]}}, {"type": "Feature", "properties": {"id": "tanah-merah-singapore", "name": "Tanah Merah, Singapore", "cable_id": "1887"}, "geometry": {"type": "Point", "coordinates": [103.946588, 1.327255]}}, {"type": "Feature", "properties": {"id": "tanah-merah-singapore", "name": "Tanah Merah, Singapore", "cable_id": "1683"}, "geometry": {"type": "Point", "coordinates": [103.946588, 1.327255]}}, {"type": "Feature", "properties": {"id": "tanah-merah-singapore", "name": "Tanah Merah, Singapore", "cable_id": "1617"}, "geometry": {"type": "Point", "coordinates": [103.946588, 1.327255]}}, {"type": "Feature", "properties": {"id": "nanhui-china", "name": "Nanhui, China", "cable_id": "1786"}, "geometry": {"type": "Point", "coordinates": [121.191404, 30.306306]}}, {"type": "Feature", "properties": {"id": "nanhui-china", "name": "Nanhui, China", "cable_id": "1617"}, "geometry": {"type": "Point", "coordinates": [121.191404, 30.306306]}}, {"type": "Feature", "properties": {"id": "west-palm-beach-fl-united-states", "name": "West Palm Beach, FL, United States", "cable_id": "1643"}, "geometry": {"type": "Point", "coordinates": [-80.053349, 26.715353]}}, {"type": "Feature", "properties": {"id": "magens-bay-vi-united-states", "name": "Magen's Bay, VI, United States", "cable_id": "1229"}, "geometry": {"type": "Point", "coordinates": [-64.937084, 18.372987]}}, {"type": "Feature", "properties": {"id": "magens-bay-vi-united-states", "name": "Magen's Bay, VI, United States", "cable_id": "1643"}, "geometry": {"type": "Point", "coordinates": [-64.937084, 18.372987]}}, {"type": "Feature", "properties": {"id": "magens-bay-vi-united-states", "name": "Magen's Bay, VI, United States", "cable_id": "1645"}, "geometry": {"type": "Point", "coordinates": [-64.937084, 18.372987]}}, {"type": "Feature", "properties": {"id": "tricomo-cyprus", "name": "Tricomo, Cyprus", "cable_id": "1705"}, "geometry": {"type": "Point", "coordinates": [33.896816, 35.297295]}}, {"type": "Feature", "properties": {"id": "samandag-turkey", "name": "Samandag, Turkey", "cable_id": "1705"}, "geometry": {"type": "Point", "coordinates": [35.999257, 36.082341]}}, {"type": "Feature", "properties": {"id": "girne-cyprus", "name": "Girne, Cyprus", "cable_id": "1341"}, "geometry": {"type": "Point", "coordinates": [33.23627, 35.299126]}}, {"type": "Feature", "properties": {"id": "mersin-turkey", "name": "Mersin, Turkey", "cable_id": "1341"}, "geometry": {"type": "Point", "coordinates": [34.63334, 36.79998]}}, {"type": "Feature", "properties": {"id": "daet-philippines", "name": "Daet, Philippines", "cable_id": "1928"}, "geometry": {"type": "Point", "coordinates": [122.949899, 14.116617]}}, {"type": "Feature", "properties": {"id": "daet-philippines", "name": "Daet, Philippines", "cable_id": "1679"}, "geometry": {"type": "Point", "coordinates": [122.949899, 14.116617]}}, {"type": "Feature", "properties": {"id": "dartmouth-united-kingdom", "name": "Dartmouth, United Kingdom", "cable_id": "1703"}, "geometry": {"type": "Point", "coordinates": [-3.578385, 50.351743]}}, {"type": "Feature", "properties": {"id": "st-ouens-bay-jersey", "name": "St. Ouens Bay, Jersey", "cable_id": "1704"}, "geometry": {"type": "Point", "coordinates": [-2.225896, 49.215709]}}, {"type": "Feature", "properties": {"id": "archirondel-jersey", "name": "Archirondel, Jersey", "cable_id": "1700"}, "geometry": {"type": "Point", "coordinates": [-2.021306, 49.225279]}}, {"type": "Feature", "properties": {"id": "surville-france", "name": "Surville, France", "cable_id": "1700"}, "geometry": {"type": "Point", "coordinates": [-1.650017, 49.283287]}}, {"type": "Feature", "properties": {"id": "greve-de-lecq-jersey", "name": "Greve de Lecq, Jersey", "cable_id": "1702"}, "geometry": {"type": "Point", "coordinates": [-2.201433, 49.247948]}}, {"type": "Feature", "properties": {"id": "greve-de-lecq-jersey", "name": "Greve de Lecq, Jersey", "cable_id": "1700"}, "geometry": {"type": "Point", "coordinates": [-2.201433, 49.247948]}}, {"type": "Feature", "properties": {"id": "havelet-bay-guernsey", "name": "Havelet Bay, Guernsey", "cable_id": "1700"}, "geometry": {"type": "Point", "coordinates": [-2.529509, 49.450987]}}, {"type": "Feature", "properties": {"id": "new-victoria-ns-canada", "name": "New Victoria, NS, Canada", "cable_id": "1577"}, "geometry": {"type": "Point", "coordinates": [-60.129567, 46.252905]}}, {"type": "Feature", "properties": {"id": "rose-blanche-nl-canada", "name": "Rose Blanche, NL, Canada", "cable_id": "1577"}, "geometry": {"type": "Point", "coordinates": [-58.686599, 47.617687]}}, {"type": "Feature", "properties": {"id": "lancresse-bay-guernsey", "name": "L'Ancresse Bay, Guernsey", "cable_id": "1784"}, "geometry": {"type": "Point", "coordinates": [-2.533464, 49.503392]}}, {"type": "Feature", "properties": {"id": "lancresse-bay-guernsey", "name": "L'Ancresse Bay, Guernsey", "cable_id": "1703"}, "geometry": {"type": "Point", "coordinates": [-2.533464, 49.503392]}}, {"type": "Feature", "properties": {"id": "saints-bay-united-kingdom", "name": "Saints Bay, United Kingdom", "cable_id": "1702"}, "geometry": {"type": "Point", "coordinates": [-2.558025, 49.423326]}}, {"type": "Feature", "properties": {"id": "saints-bay-united-kingdom", "name": "Saints Bay, United Kingdom", "cable_id": "1697"}, "geometry": {"type": "Point", "coordinates": [-2.558025, 49.423326]}}, {"type": "Feature", "properties": {"id": "pembroke-united-kingdom", "name": "Pembroke, United Kingdom", "cable_id": "1697"}, "geometry": {"type": "Point", "coordinates": [-2.537614, 49.509544]}}, {"type": "Feature", "properties": {"id": "malabo-equatorial-guinea", "name": "Malabo, Equatorial Guinea", "cable_id": "1842"}, "geometry": {"type": "Point", "coordinates": [8.783364, 3.749788]}}, {"type": "Feature", "properties": {"id": "malabo-equatorial-guinea", "name": "Malabo, Equatorial Guinea", "cable_id": "1699"}, "geometry": {"type": "Point", "coordinates": [8.783364, 3.749788]}}, {"type": "Feature", "properties": {"id": "palma-spain", "name": "Palma, Spain", "cable_id": "1696"}, "geometry": {"type": "Point", "coordinates": [2.605254, 39.552322]}}, {"type": "Feature", "properties": {"id": "santa-cruz-de-la-palma-canary-islands-spain", "name": "Santa Cruz de La Palma, Canary Islands, Spain", "cable_id": "1666"}, "geometry": {"type": "Point", "coordinates": [-17.765244, 28.66318]}}, {"type": "Feature", "properties": {"id": "nukualofa-tonga", "name": "Nuku'alofa, Tonga", "cable_id": "1687"}, "geometry": {"type": "Point", "coordinates": [-175.200032, -21.133281]}}, {"type": "Feature", "properties": {"id": "fresh-creek-bahamas", "name": "Fresh Creek, Bahamas", "cable_id": "1510"}, "geometry": {"type": "Point", "coordinates": [-77.84461, 24.689805]}}, {"type": "Feature", "properties": {"id": "port-nelson-bahamas", "name": "Port Nelson, Bahamas", "cable_id": "1510"}, "geometry": {"type": "Point", "coordinates": [-74.840546, 23.652147]}}, {"type": "Feature", "properties": {"id": "george-town-bahamas", "name": "George Town, Bahamas", "cable_id": "1510"}, "geometry": {"type": "Point", "coordinates": [-75.788007, 23.516551]}}, {"type": "Feature", "properties": {"id": "clarence-town-bahamas", "name": "Clarence Town, Bahamas", "cable_id": "1510"}, "geometry": {"type": "Point", "coordinates": [-74.966181, 23.098338]}}, {"type": "Feature", "properties": {"id": "cockburn-town-bahamas", "name": "Cockburn Town, Bahamas", "cable_id": "1510"}, "geometry": {"type": "Point", "coordinates": [-74.530244, 24.052537]}}, {"type": "Feature", "properties": {"id": "governors-harbor-bahamas", "name": "Governors Harbor, Bahamas", "cable_id": "1510"}, "geometry": {"type": "Point", "coordinates": [-76.240643, 25.196116]}}, {"type": "Feature", "properties": {"id": "duncan-town-bahamas", "name": "Duncan Town, Bahamas", "cable_id": "1510"}, "geometry": {"type": "Point", "coordinates": [-75.733466, 22.183263]}}, {"type": "Feature", "properties": {"id": "mayaguana-bahamas", "name": "Mayaguana, Bahamas", "cable_id": "1510"}, "geometry": {"type": "Point", "coordinates": [-73.064131, 22.401561]}}, {"type": "Feature", "properties": {"id": "kuala-tungkal-indonesia", "name": "Kuala Tungkal, Indonesia", "cable_id": "1680"}, "geometry": {"type": "Point", "coordinates": [103.466705, -0.816543]}}, {"type": "Feature", "properties": {"id": "batam-indonesia", "name": "Batam, Indonesia", "cable_id": "1832"}, "geometry": {"type": "Point", "coordinates": [103.962506, 1.134726]}}, {"type": "Feature", "properties": {"id": "batam-indonesia", "name": "Batam, Indonesia", "cable_id": "1833"}, "geometry": {"type": "Point", "coordinates": [103.962506, 1.134726]}}, {"type": "Feature", "properties": {"id": "batam-indonesia", "name": "Batam, Indonesia", "cable_id": "1785"}, "geometry": {"type": "Point", "coordinates": [103.962506, 1.134726]}}, {"type": "Feature", "properties": {"id": "batam-indonesia", "name": "Batam, Indonesia", "cable_id": "1680"}, "geometry": {"type": "Point", "coordinates": [103.962506, 1.134726]}}, {"type": "Feature", "properties": {"id": "sakra-island-singapore", "name": "Sakra Island, Singapore", "cable_id": "1680"}, "geometry": {"type": "Point", "coordinates": [103.704205, 1.25892]}}, {"type": "Feature", "properties": {"id": "grover-beach-california-united-states", "name": "Grover Beach, California, United States", "cable_id": "1007"}, "geometry": {"type": "Point", "coordinates": [-120.62142, 35.120635]}}, {"type": "Feature", "properties": {"id": "shima-japan", "name": "Shima, Japan", "cable_id": "1928"}, "geometry": {"type": "Point", "coordinates": [136.87438, 34.336834]}}, {"type": "Feature", "properties": {"id": "shima-japan", "name": "Shima, Japan", "cable_id": "1794"}, "geometry": {"type": "Point", "coordinates": [136.87438, 34.336834]}}, {"type": "Feature", "properties": {"id": "shima-japan", "name": "Shima, Japan", "cable_id": "1617"}, "geometry": {"type": "Point", "coordinates": [136.87438, 34.336834]}}, {"type": "Feature", "properties": {"id": "shima-japan", "name": "Shima, Japan", "cable_id": "1007"}, "geometry": {"type": "Point", "coordinates": [136.87438, 34.336834]}}, {"type": "Feature", "properties": {"id": "ajigaura-japan", "name": "Ajigaura, Japan", "cable_id": "1007"}, "geometry": {"type": "Point", "coordinates": [140.612268, 36.383562]}}, {"type": "Feature", "properties": {"id": "brookhaven-new-york-united-states", "name": "Brookhaven, New York, United States", "cable_id": "1143"}, "geometry": {"type": "Point", "coordinates": [-72.912276, 40.773147]}}, {"type": "Feature", "properties": {"id": "beverwijk-netherlands", "name": "Beverwijk, Netherlands", "cable_id": "1143"}, "geometry": {"type": "Point", "coordinates": [4.656901, 52.486313]}}, {"type": "Feature", "properties": {"id": "whitesands-bay-united-kingdom", "name": "Whitesands Bay, United Kingdom", "cable_id": "1143"}, "geometry": {"type": "Point", "coordinates": [-5.698453, 50.078514]}}, {"type": "Feature", "properties": {"id": "brookhaven-new-york-united-states", "name": "Brookhaven, New York, United States", "cable_id": "1070"}, "geometry": {"type": "Point", "coordinates": [-72.912276, 40.773147]}}, {"type": "Feature", "properties": {"id": "st-croix-virgin-islands-united-states", "name": "St. Croix, Virgin Islands, United States", "cable_id": "1070"}, "geometry": {"type": "Point", "coordinates": [-64.819408, 17.771864]}}, {"type": "Feature", "properties": {"id": "hollywood-florida-united-states", "name": "Hollywood, Florida, United States", "cable_id": "1686"}, "geometry": {"type": "Point", "coordinates": [-80.160234, 26.010202]}}, {"type": "Feature", "properties": {"id": "hollywood-florida-united-states", "name": "Hollywood, Florida, United States", "cable_id": "1070"}, "geometry": {"type": "Point", "coordinates": [-80.160234, 26.010202]}}, {"type": "Feature", "properties": {"id": "grover-beach-california-united-states", "name": "Grover Beach, California, United States", "cable_id": "1072"}, "geometry": {"type": "Point", "coordinates": [-120.62142, 35.120635]}}, {"type": "Feature", "properties": {"id": "tijuana-mexico", "name": "Tijuana, Mexico", "cable_id": "1072"}, "geometry": {"type": "Point", "coordinates": [-117.038219, 32.530853]}}, {"type": "Feature", "properties": {"id": "northport-new-york-united-states", "name": "Northport, New York, United States", "cable_id": "1028"}, "geometry": {"type": "Point", "coordinates": [-73.344111, 40.909451]}}, {"type": "Feature", "properties": {"id": "morro-bay-california-united-states", "name": "Morro Bay, California, United States", "cable_id": "1009"}, "geometry": {"type": "Point", "coordinates": [-120.847202, 35.36668]}}, {"type": "Feature", "properties": {"id": "spencer-beach-hawaii-united-states", "name": "Spencer Beach, Hawaii, United States", "cable_id": "1009"}, "geometry": {"type": "Point", "coordinates": [-155.822087, 20.023108]}}, {"type": "Feature", "properties": {"id": "takapuna-new-zealand", "name": "Takapuna, New Zealand", "cable_id": "1009"}, "geometry": {"type": "Point", "coordinates": [174.767916, -36.787961]}}, {"type": "Feature", "properties": {"id": "whenuapai-new-zealand", "name": "Whenuapai, New Zealand", "cable_id": "1009"}, "geometry": {"type": "Point", "coordinates": [174.623385, -36.788816]}}, {"type": "Feature", "properties": {"id": "st-croix-virgin-islands-united-states", "name": "St. Croix, Virgin Islands, United States", "cable_id": "1084"}, "geometry": {"type": "Point", "coordinates": [-64.819408, 17.771864]}}, {"type": "Feature", "properties": {"id": "valparaso-chile", "name": "Valpara\u00edso, Chile", "cable_id": "1932"}, "geometry": {"type": "Point", "coordinates": [-71.620479, -33.045775]}}, {"type": "Feature", "properties": {"id": "valparaso-chile", "name": "Valpara\u00edso, Chile", "cable_id": "1924"}, "geometry": {"type": "Point", "coordinates": [-71.620479, -33.045775]}}, {"type": "Feature", "properties": {"id": "valparaso-chile", "name": "Valpara\u00edso, Chile", "cable_id": "1791"}, "geometry": {"type": "Point", "coordinates": [-71.620479, -33.045775]}}, {"type": "Feature", "properties": {"id": "valparaso-chile", "name": "Valpara\u00edso, Chile", "cable_id": "1084"}, "geometry": {"type": "Point", "coordinates": [-71.620479, -33.045775]}}, {"type": "Feature", "properties": {"id": "fortaleza-brazil", "name": "Fortaleza, Brazil", "cable_id": "1873"}, "geometry": {"type": "Point", "coordinates": [-38.542968, -3.718836]}}, {"type": "Feature", "properties": {"id": "fortaleza-brazil", "name": "Fortaleza, Brazil", "cable_id": "1856"}, "geometry": {"type": "Point", "coordinates": [-38.542968, -3.718836]}}, {"type": "Feature", "properties": {"id": "fortaleza-brazil", "name": "Fortaleza, Brazil", "cable_id": "1787"}, "geometry": {"type": "Point", "coordinates": [-38.542968, -3.718836]}}, {"type": "Feature", "properties": {"id": "fortaleza-brazil", "name": "Fortaleza, Brazil", "cable_id": "1725"}, "geometry": {"type": "Point", "coordinates": [-38.542968, -3.718836]}}, {"type": "Feature", "properties": {"id": "fortaleza-brazil", "name": "Fortaleza, Brazil", "cable_id": "1709"}, "geometry": {"type": "Point", "coordinates": [-38.542968, -3.718836]}}, {"type": "Feature", "properties": {"id": "fortaleza-brazil", "name": "Fortaleza, Brazil", "cable_id": "1686"}, "geometry": {"type": "Point", "coordinates": [-38.542968, -3.718836]}}, {"type": "Feature", "properties": {"id": "fortaleza-brazil", "name": "Fortaleza, Brazil", "cable_id": "1084"}, "geometry": {"type": "Point", "coordinates": [-38.542968, -3.718836]}}, {"type": "Feature", "properties": {"id": "lurin-peru", "name": "Lurin, Peru", "cable_id": "1084"}, "geometry": {"type": "Point", "coordinates": [-76.874286, -12.278525]}}, {"type": "Feature", "properties": {"id": "rio-de-janeiro-brazil", "name": "Rio de Janeiro, Brazil", "cable_id": "1876"}, "geometry": {"type": "Point", "coordinates": [-43.209568, -22.903397]}}, {"type": "Feature", "properties": {"id": "rio-de-janeiro-brazil", "name": "Rio de Janeiro, Brazil", "cable_id": "1873"}, "geometry": {"type": "Point", "coordinates": [-43.209568, -22.903397]}}, {"type": "Feature", "properties": {"id": "rio-de-janeiro-brazil", "name": "Rio de Janeiro, Brazil", "cable_id": "1686"}, "geometry": {"type": "Point", "coordinates": [-43.209568, -22.903397]}}, {"type": "Feature", "properties": {"id": "rio-de-janeiro-brazil", "name": "Rio de Janeiro, Brazil", "cable_id": "1084"}, "geometry": {"type": "Point", "coordinates": [-43.209568, -22.903397]}}, {"type": "Feature", "properties": {"id": "santos-brazil", "name": "Santos, Brazil", "cable_id": "1084"}, "geometry": {"type": "Point", "coordinates": [-46.328072, -23.961844]}}, {"type": "Feature", "properties": {"id": "las-toninas-argentina", "name": "Las Toninas, Argentina", "cable_id": "1906"}, "geometry": {"type": "Point", "coordinates": [-56.695487, -36.472532]}}, {"type": "Feature", "properties": {"id": "las-toninas-argentina", "name": "Las Toninas, Argentina", "cable_id": "1132"}, "geometry": {"type": "Point", "coordinates": [-56.695487, -36.472532]}}, {"type": "Feature", "properties": {"id": "maldonado-uruguay", "name": "Maldonado, Uruguay", "cable_id": "1860"}, "geometry": {"type": "Point", "coordinates": [-54.950175, -34.900389]}}, {"type": "Feature", "properties": {"id": "maldonado-uruguay", "name": "Maldonado, Uruguay", "cable_id": "1132"}, "geometry": {"type": "Point", "coordinates": [-54.950175, -34.900389]}}, {"type": "Feature", "properties": {"id": "las-toninas-argentina", "name": "Las Toninas, Argentina", "cable_id": "1084"}, "geometry": {"type": "Point", "coordinates": [-56.695487, -36.472532]}}, {"type": "Feature", "properties": {"id": "fort-amador-panama", "name": "Fort Amador, Panama", "cable_id": "1084"}, "geometry": {"type": "Point", "coordinates": [-79.546733, 8.934112]}}, {"type": "Feature", "properties": {"id": "kitaibaraki-japan", "name": "Kitaibaraki, Japan", "cable_id": "1010"}, "geometry": {"type": "Point", "coordinates": [140.75094, 36.801787]}}, {"type": "Feature", "properties": {"id": "shima-japan", "name": "Shima, Japan", "cable_id": "1010"}, "geometry": {"type": "Point", "coordinates": [136.87438, 34.336834]}}, {"type": "Feature", "properties": {"id": "maruyama-japan", "name": "Maruyama, Japan", "cable_id": "1928"}, "geometry": {"type": "Point", "coordinates": [139.816956, 35.037517]}}, {"type": "Feature", "properties": {"id": "maruyama-japan", "name": "Maruyama, Japan", "cable_id": "1786"}, "geometry": {"type": "Point", "coordinates": [139.816956, 35.037517]}}, {"type": "Feature", "properties": {"id": "maruyama-japan", "name": "Maruyama, Japan", "cable_id": "1679"}, "geometry": {"type": "Point", "coordinates": [139.816956, 35.037517]}}, {"type": "Feature", "properties": {"id": "maruyama-japan", "name": "Maruyama, Japan", "cable_id": "1617"}, "geometry": {"type": "Point", "coordinates": [139.816956, 35.037517]}}, {"type": "Feature", "properties": {"id": "maruyama-japan", "name": "Maruyama, Japan", "cable_id": "1010"}, "geometry": {"type": "Point", "coordinates": [139.816956, 35.037517]}}, {"type": "Feature", "properties": {"id": "makaha-hawaii-united-states", "name": "Makaha, Hawaii, United States", "cable_id": "1823"}, "geometry": {"type": "Point", "coordinates": [-158.20607, 21.460265]}}, {"type": "Feature", "properties": {"id": "makaha-hawaii-united-states", "name": "Makaha, Hawaii, United States", "cable_id": "1791"}, "geometry": {"type": "Point", "coordinates": [-158.20607, 21.460265]}}, {"type": "Feature", "properties": {"id": "makaha-hawaii-united-states", "name": "Makaha, Hawaii, United States", "cable_id": "1456"}, "geometry": {"type": "Point", "coordinates": [-158.20607, 21.460265]}}, {"type": "Feature", "properties": {"id": "makaha-hawaii-united-states", "name": "Makaha, Hawaii, United States", "cable_id": "1010"}, "geometry": {"type": "Point", "coordinates": [-158.20607, 21.460265]}}, {"type": "Feature", "properties": {"id": "morro-bay-california-united-states", "name": "Morro Bay, California, United States", "cable_id": "1010"}, "geometry": {"type": "Point", "coordinates": [-120.847202, 35.36668]}}, {"type": "Feature", "properties": {"id": "manchester-california-united-states", "name": "Manchester, California, United States", "cable_id": "1010"}, "geometry": {"type": "Point", "coordinates": [-123.686946, 38.969205]}}, {"type": "Feature", "properties": {"id": "porthcurno-united-kingdom", "name": "Porthcurno, United Kingdom", "cable_id": "1826"}, "geometry": {"type": "Point", "coordinates": [-5.654507, 50.043052]}}, {"type": "Feature", "properties": {"id": "porthcurno-united-kingdom", "name": "Porthcurno, United Kingdom", "cable_id": "1697"}, "geometry": {"type": "Point", "coordinates": [-5.654507, 50.043052]}}, {"type": "Feature", "properties": {"id": "porthcurno-united-kingdom", "name": "Porthcurno, United Kingdom", "cable_id": "1027"}, "geometry": {"type": "Point", "coordinates": [-5.654507, 50.043052]}}, {"type": "Feature", "properties": {"id": "mumbai-india", "name": "Mumbai, India", "cable_id": "1739"}, "geometry": {"type": "Point", "coordinates": [72.875899, 19.075794]}}, {"type": "Feature", "properties": {"id": "mumbai-india", "name": "Mumbai, India", "cable_id": "1735"}, "geometry": {"type": "Point", "coordinates": [72.875899, 19.075794]}}, {"type": "Feature", "properties": {"id": "mumbai-india", "name": "Mumbai, India", "cable_id": "1027"}, "geometry": {"type": "Point", "coordinates": [72.875899, 19.075794]}}, {"type": "Feature", "properties": {"id": "estepona-spain", "name": "Estepona, Spain", "cable_id": "1251"}, "geometry": {"type": "Point", "coordinates": [-5.145865, 36.427104]}}, {"type": "Feature", "properties": {"id": "estepona-spain", "name": "Estepona, Spain", "cable_id": "1027"}, "geometry": {"type": "Point", "coordinates": [-5.145865, 36.427104]}}, {"type": "Feature", "properties": {"id": "palermo-italy", "name": "Palermo, Italy", "cable_id": "1027"}, "geometry": {"type": "Point", "coordinates": [13.358362, 38.1215]}}, {"type": "Feature", "properties": {"id": "alexandria-egypt", "name": "Alexandria, Egypt", "cable_id": "1027"}, "geometry": {"type": "Point", "coordinates": [29.889787, 31.191889]}}, {"type": "Feature", "properties": {"id": "suez-egypt", "name": "Suez, Egypt", "cable_id": "1027"}, "geometry": {"type": "Point", "coordinates": [32.530118, 29.972285]}}, {"type": "Feature", "properties": {"id": "fujairah-united-arab-emirates", "name": "Fujairah, United Arab Emirates", "cable_id": "1559"}, "geometry": {"type": "Point", "coordinates": [56.33372, 25.12169]}}, {"type": "Feature", "properties": {"id": "fujairah-united-arab-emirates", "name": "Fujairah, United Arab Emirates", "cable_id": "1739"}, "geometry": {"type": "Point", "coordinates": [56.33372, 25.12169]}}, {"type": "Feature", "properties": {"id": "fujairah-united-arab-emirates", "name": "Fujairah, United Arab Emirates", "cable_id": "1735"}, "geometry": {"type": "Point", "coordinates": [56.33372, 25.12169]}}, {"type": "Feature", "properties": {"id": "fujairah-united-arab-emirates", "name": "Fujairah, United Arab Emirates", "cable_id": "1027"}, "geometry": {"type": "Point", "coordinates": [56.33372, 25.12169]}}, {"type": "Feature", "properties": {"id": "penang-malaysia", "name": "Penang, Malaysia", "cable_id": "1735"}, "geometry": {"type": "Point", "coordinates": [100.362996, 5.353645]}}, {"type": "Feature", "properties": {"id": "penang-malaysia", "name": "Penang, Malaysia", "cable_id": "1027"}, "geometry": {"type": "Point", "coordinates": [100.362996, 5.353645]}}, {"type": "Feature", "properties": {"id": "songkhla-thailand", "name": "Songkhla, Thailand", "cable_id": "1739"}, "geometry": {"type": "Point", "coordinates": [100.59698, 7.078449]}}, {"type": "Feature", "properties": {"id": "songkhla-thailand", "name": "Songkhla, Thailand", "cable_id": "1617"}, "geometry": {"type": "Point", "coordinates": [100.59698, 7.078449]}}, {"type": "Feature", "properties": {"id": "songkhla-thailand", "name": "Songkhla, Thailand", "cable_id": "1027"}, "geometry": {"type": "Point", "coordinates": [100.59698, 7.078449]}}, {"type": "Feature", "properties": {"id": "lantau-island-hong-kong-china", "name": "Lantau Island, Hong Kong, China", "cable_id": "1027"}, "geometry": {"type": "Point", "coordinates": [113.948341, 22.271496]}}, {"type": "Feature", "properties": {"id": "miura-japan", "name": "Miura, Japan", "cable_id": "1027"}, "geometry": {"type": "Point", "coordinates": [139.620667, 35.144036]}}, {"type": "Feature", "properties": {"id": "island-park-new-york-united-states", "name": "Island Park, New York, United States", "cable_id": "1028"}, "geometry": {"type": "Point", "coordinates": [-73.655928, 40.600308]}}, {"type": "Feature", "properties": {"id": "shantou-china", "name": "Shantou, China", "cable_id": "1031"}, "geometry": {"type": "Point", "coordinates": [116.675488, 23.354552]}}, {"type": "Feature", "properties": {"id": "deep-water-bay-hong-kong-china", "name": "Deep Water Bay, Hong Kong, China", "cable_id": "1858"}, "geometry": {"type": "Point", "coordinates": [114.183985, 22.249437]}}, {"type": "Feature", "properties": {"id": "deep-water-bay-hong-kong-china", "name": "Deep Water Bay, Hong Kong, China", "cable_id": "1031"}, "geometry": {"type": "Point", "coordinates": [114.183985, 22.249437]}}, {"type": "Feature", "properties": {"id": "taipa-china", "name": "Taipa, China", "cable_id": "1031"}, "geometry": {"type": "Point", "coordinates": [113.561036, 22.156127]}}, {"type": "Feature", "properties": {"id": "batangas-philippines", "name": "Batangas, Philippines", "cable_id": "1031"}, "geometry": {"type": "Point", "coordinates": [121.064939, 13.765555]}}, {"type": "Feature", "properties": {"id": "danang-vietnam", "name": "Danang, Vietnam", "cable_id": "1617"}, "geometry": {"type": "Point", "coordinates": [108.21475, 16.051564]}}, {"type": "Feature", "properties": {"id": "danang-vietnam", "name": "Danang, Vietnam", "cable_id": "1031"}, "geometry": {"type": "Point", "coordinates": [108.21475, 16.051564]}}, {"type": "Feature", "properties": {"id": "tungku-brunei", "name": "Tungku, Brunei", "cable_id": "1031"}, "geometry": {"type": "Point", "coordinates": [114.88584, 4.926374]}}, {"type": "Feature", "properties": {"id": "mersing-malaysia", "name": "Mersing, Malaysia", "cable_id": "1887"}, "geometry": {"type": "Point", "coordinates": [103.849908, 2.295516]}}, {"type": "Feature", "properties": {"id": "mersing-malaysia", "name": "Mersing, Malaysia", "cable_id": "1886"}, "geometry": {"type": "Point", "coordinates": [103.849908, 2.295516]}}, {"type": "Feature", "properties": {"id": "mersing-malaysia", "name": "Mersing, Malaysia", "cable_id": "1828"}, "geometry": {"type": "Point", "coordinates": [103.849908, 2.295516]}}, {"type": "Feature", "properties": {"id": "mersing-malaysia", "name": "Mersing, Malaysia", "cable_id": "1679"}, "geometry": {"type": "Point", "coordinates": [103.849908, 2.295516]}}, {"type": "Feature", "properties": {"id": "mersing-malaysia", "name": "Mersing, Malaysia", "cable_id": "1031"}, "geometry": {"type": "Point", "coordinates": [103.849908, 2.295516]}}, {"type": "Feature", "properties": {"id": "tuas-singapore", "name": "Tuas, Singapore", "cable_id": "1744"}, "geometry": {"type": "Point", "coordinates": [103.647076, 1.338193]}}, {"type": "Feature", "properties": {"id": "tuas-singapore", "name": "Tuas, Singapore", "cable_id": "1559"}, "geometry": {"type": "Point", "coordinates": [103.647076, 1.338193]}}, {"type": "Feature", "properties": {"id": "tuas-singapore", "name": "Tuas, Singapore", "cable_id": "1031"}, "geometry": {"type": "Point", "coordinates": [103.647076, 1.338193]}}, {"type": "Feature", "properties": {"id": "tuckerton-new-jersey-united-states", "name": "Tuckerton, New Jersey, United States", "cable_id": "1076"}, "geometry": {"type": "Point", "coordinates": [-74.33791, 39.603885]}}, {"type": "Feature", "properties": {"id": "st-davids-bermuda", "name": "St. David\u2019s, Bermuda", "cable_id": "1076"}, "geometry": {"type": "Point", "coordinates": [-64.769506, 32.312238]}}, {"type": "Feature", "properties": {"id": "fortaleza-brazil", "name": "Fortaleza, Brazil", "cable_id": "1076"}, "geometry": {"type": "Point", "coordinates": [-38.542968, -3.718836]}}, {"type": "Feature", "properties": {"id": "boca-raton-florida-united-states", "name": "Boca Raton, Florida, United States", "cable_id": "1787"}, "geometry": {"type": "Point", "coordinates": [-80.088945, 26.350327]}}, {"type": "Feature", "properties": {"id": "boca-raton-florida-united-states", "name": "Boca Raton, Florida, United States", "cable_id": "1076"}, "geometry": {"type": "Point", "coordinates": [-80.088945, 26.350327]}}, {"type": "Feature", "properties": {"id": "okinawa-japan", "name": "Okinawa, Japan", "cable_id": "1692"}, "geometry": {"type": "Point", "coordinates": [127.680561, 26.212412]}}, {"type": "Feature", "properties": {"id": "okinawa-japan", "name": "Okinawa, Japan", "cable_id": "1031"}, "geometry": {"type": "Point", "coordinates": [127.680561, 26.212412]}}, {"type": "Feature", "properties": {"id": "keoje-korea-rep-", "name": "Keoje, Korea, Rep.", "cable_id": "1031"}, "geometry": {"type": "Point", "coordinates": [128.620795, 34.880645]}}, {"type": "Feature", "properties": {"id": "shanghai-china", "name": "Shanghai, China", "cable_id": "1031"}, "geometry": {"type": "Point", "coordinates": [121.472458, 31.247504]}}, {"type": "Feature", "properties": {"id": "toucheng-taiwan", "name": "Toucheng, Taiwan", "cable_id": "1858"}, "geometry": {"type": "Point", "coordinates": [121.801462, 24.863596]}}, {"type": "Feature", "properties": {"id": "toucheng-taiwan", "name": "Toucheng, Taiwan", "cable_id": "1786"}, "geometry": {"type": "Point", "coordinates": [121.801462, 24.863596]}}, {"type": "Feature", "properties": {"id": "toucheng-taiwan", "name": "Toucheng, Taiwan", "cable_id": "1617"}, "geometry": {"type": "Point", "coordinates": [121.801462, 24.863596]}}, {"type": "Feature", "properties": {"id": "toucheng-taiwan", "name": "Toucheng, Taiwan", "cable_id": "1031"}, "geometry": {"type": "Point", "coordinates": [121.801462, 24.863596]}}, {"type": "Feature", "properties": {"id": "fangshan-taiwan", "name": "Fangshan, Taiwan", "cable_id": "1031"}, "geometry": {"type": "Point", "coordinates": [120.662107, 22.249254]}}, {"type": "Feature", "properties": {"id": "ancol-indonesia", "name": "Ancol, Indonesia", "cable_id": "1031"}, "geometry": {"type": "Point", "coordinates": [106.833305, -6.129358]}}, {"type": "Feature", "properties": {"id": "perth-australia", "name": "Perth, Australia", "cable_id": "1031"}, "geometry": {"type": "Point", "coordinates": [115.857227, -31.953442]}}, {"type": "Feature", "properties": {"id": "penang-malaysia", "name": "Penang, Malaysia", "cable_id": "1031"}, "geometry": {"type": "Point", "coordinates": [100.362996, 5.353645]}}, {"type": "Feature", "properties": {"id": "satun-thailand", "name": "Satun, Thailand", "cable_id": "1739"}, "geometry": {"type": "Point", "coordinates": [100.066121, 6.613214]}}, {"type": "Feature", "properties": {"id": "satun-thailand", "name": "Satun, Thailand", "cable_id": "1031"}, "geometry": {"type": "Point", "coordinates": [100.066121, 6.613214]}}, {"type": "Feature", "properties": {"id": "pyapon-myanmar", "name": "Pyapon, Myanmar", "cable_id": "1031"}, "geometry": {"type": "Point", "coordinates": [95.681943, 16.282204]}}, {"type": "Feature", "properties": {"id": "mt-lavinia-sri-lanka", "name": "Mt. Lavinia, Sri Lanka", "cable_id": "1031"}, "geometry": {"type": "Point", "coordinates": [79.866716, 6.832697]}}, {"type": "Feature", "properties": {"id": "cochin-india", "name": "Cochin, India", "cable_id": "1031"}, "geometry": {"type": "Point", "coordinates": [76.26955, 9.938091]}}, {"type": "Feature", "properties": {"id": "mumbai-india", "name": "Mumbai, India", "cable_id": "1031"}, "geometry": {"type": "Point", "coordinates": [72.875899, 19.075794]}}, {"type": "Feature", "properties": {"id": "karachi-pakistan", "name": "Karachi, Pakistan", "cable_id": "1559"}, "geometry": {"type": "Point", "coordinates": [67.028539, 24.889378]}}, {"type": "Feature", "properties": {"id": "karachi-pakistan", "name": "Karachi, Pakistan", "cable_id": "1739"}, "geometry": {"type": "Point", "coordinates": [67.028539, 24.889378]}}, {"type": "Feature", "properties": {"id": "karachi-pakistan", "name": "Karachi, Pakistan", "cable_id": "1031"}, "geometry": {"type": "Point", "coordinates": [67.028539, 24.889378]}}, {"type": "Feature", "properties": {"id": "muscat-oman", "name": "Muscat, Oman", "cable_id": "1031"}, "geometry": {"type": "Point", "coordinates": [58.591043, 23.615098]}}, {"type": "Feature", "properties": {"id": "fujairah-united-arab-emirates", "name": "Fujairah, United Arab Emirates", "cable_id": "1031"}, "geometry": {"type": "Point", "coordinates": [56.33372, 25.12169]}}, {"type": "Feature", "properties": {"id": "djibouti-city-djibouti", "name": "Djibouti City, Djibouti", "cable_id": "1559"}, "geometry": {"type": "Point", "coordinates": [43.147984, 11.594682]}}, {"type": "Feature", "properties": {"id": "djibouti-city-djibouti", "name": "Djibouti City, Djibouti", "cable_id": "1739"}, "geometry": {"type": "Point", "coordinates": [43.147984, 11.594682]}}, {"type": "Feature", "properties": {"id": "djibouti-city-djibouti", "name": "Djibouti City, Djibouti", "cable_id": "1558"}, "geometry": {"type": "Point", "coordinates": [43.147984, 11.594682]}}, {"type": "Feature", "properties": {"id": "djibouti-city-djibouti", "name": "Djibouti City, Djibouti", "cable_id": "1031"}, "geometry": {"type": "Point", "coordinates": [43.147984, 11.594682]}}, {"type": "Feature", "properties": {"id": "suez-egypt", "name": "Suez, Egypt", "cable_id": "1031"}, "geometry": {"type": "Point", "coordinates": [32.530118, 29.972285]}}, {"type": "Feature", "properties": {"id": "alexandria-egypt", "name": "Alexandria, Egypt", "cable_id": "1031"}, "geometry": {"type": "Point", "coordinates": [29.889787, 31.191889]}}, {"type": "Feature", "properties": {"id": "yeroskipos-cyprus", "name": "Yeroskipos, Cyprus", "cable_id": "1713"}, "geometry": {"type": "Point", "coordinates": [32.466544, 34.766411]}}, {"type": "Feature", "properties": {"id": "yeroskipos-cyprus", "name": "Yeroskipos, Cyprus", "cable_id": "1523"}, "geometry": {"type": "Point", "coordinates": [32.466544, 34.766411]}}, {"type": "Feature", "properties": {"id": "yeroskipos-cyprus", "name": "Yeroskipos, Cyprus", "cable_id": "1740"}, "geometry": {"type": "Point", "coordinates": [32.466544, 34.766411]}}, {"type": "Feature", "properties": {"id": "yeroskipos-cyprus", "name": "Yeroskipos, Cyprus", "cable_id": "1303"}, "geometry": {"type": "Point", "coordinates": [32.466544, 34.766411]}}, {"type": "Feature", "properties": {"id": "yeroskipos-cyprus", "name": "Yeroskipos, Cyprus", "cable_id": "1031"}, "geometry": {"type": "Point", "coordinates": [32.466544, 34.766411]}}, {"type": "Feature", "properties": {"id": "marmaris-turkey", "name": "Marmaris, Turkey", "cable_id": "1559"}, "geometry": {"type": "Point", "coordinates": [28.253679, 36.855253]}}, {"type": "Feature", "properties": {"id": "marmaris-turkey", "name": "Marmaris, Turkey", "cable_id": "1031"}, "geometry": {"type": "Point", "coordinates": [28.253679, 36.855253]}}, {"type": "Feature", "properties": {"id": "mazara-del-vallo-italy", "name": "Mazara del Vallo, Italy", "cable_id": "1772"}, "geometry": {"type": "Point", "coordinates": [12.591272, 37.650126]}}, {"type": "Feature", "properties": {"id": "mazara-del-vallo-italy", "name": "Mazara del Vallo, Italy", "cable_id": "1729"}, "geometry": {"type": "Point", "coordinates": [12.591272, 37.650126]}}, {"type": "Feature", "properties": {"id": "mazara-del-vallo-italy", "name": "Mazara del Vallo, Italy", "cable_id": "1031"}, "geometry": {"type": "Point", "coordinates": [12.591272, 37.650126]}}, {"type": "Feature", "properties": {"id": "sesimbra-portugal", "name": "Sesimbra, Portugal", "cable_id": "1443"}, "geometry": {"type": "Point", "coordinates": [-9.102748, 38.442691]}}, {"type": "Feature", "properties": {"id": "sesimbra-portugal", "name": "Sesimbra, Portugal", "cable_id": "1031"}, "geometry": {"type": "Point", "coordinates": [-9.102748, 38.442691]}}, {"type": "Feature", "properties": {"id": "penmarch-france", "name": "Penmarch, France", "cable_id": "1031"}, "geometry": {"type": "Point", "coordinates": [-4.338688, 47.811315]}}, {"type": "Feature", "properties": {"id": "goonhilly-downs-united-kingdom", "name": "Goonhilly Downs, United Kingdom", "cable_id": "1704"}, "geometry": {"type": "Point", "coordinates": [-5.174527, 50.024803]}}, {"type": "Feature", "properties": {"id": "goonhilly-downs-united-kingdom", "name": "Goonhilly Downs, United Kingdom", "cable_id": "1031"}, "geometry": {"type": "Point", "coordinates": [-5.174527, 50.024803]}}, {"type": "Feature", "properties": {"id": "norden-germany", "name": "Norden, Germany", "cable_id": "1031"}, "geometry": {"type": "Point", "coordinates": [7.201822, 53.59548]}}, {"type": "Feature", "properties": {"id": "sylt-germany", "name": "Sylt, Germany", "cable_id": "1737"}, "geometry": {"type": "Point", "coordinates": [8.383364, 54.898506]}}, {"type": "Feature", "properties": {"id": "sylt-germany", "name": "Sylt, Germany", "cable_id": "1143"}, "geometry": {"type": "Point", "coordinates": [8.383364, 54.898506]}}, {"type": "Feature", "properties": {"id": "tuckerton-new-jersey-united-states", "name": "Tuckerton, New Jersey, United States", "cable_id": "1043"}, "geometry": {"type": "Point", "coordinates": [-74.33791, 39.603885]}}, {"type": "Feature", "properties": {"id": "norden-germany", "name": "Norden, Germany", "cable_id": "1043"}, "geometry": {"type": "Point", "coordinates": [7.201822, 53.59548]}}, {"type": "Feature", "properties": {"id": "katwijk-netherlands", "name": "Katwijk, Netherlands", "cable_id": "1043"}, "geometry": {"type": "Point", "coordinates": [4.396452, 52.205173]}}, {"type": "Feature", "properties": {"id": "st-valry-france", "name": "St. Val\u00e9ry, France", "cable_id": "1043"}, "geometry": {"type": "Point", "coordinates": [0.708478, 49.860423]}}, {"type": "Feature", "properties": {"id": "bude-united-kingdom", "name": "Bude, United Kingdom", "cable_id": "1043"}, "geometry": {"type": "Point", "coordinates": [-4.544401, 50.82811]}}, {"type": "Feature", "properties": {"id": "manasquan-new-jersey-united-states", "name": "Manasquan, New Jersey, United States", "cable_id": "1043"}, "geometry": {"type": "Point", "coordinates": [-74.047041, 40.123343]}}, {"type": "Feature", "properties": {"id": "praia-cape-verde", "name": "Praia, Cape Verde", "cable_id": "1725"}, "geometry": {"type": "Point", "coordinates": [-23.521247, 14.923013]}}, {"type": "Feature", "properties": {"id": "praia-cape-verde", "name": "Praia, Cape Verde", "cable_id": "1045"}, "geometry": {"type": "Point", "coordinates": [-23.521247, 14.923013]}}, {"type": "Feature", "properties": {"id": "dakar-senegal", "name": "Dakar, Senegal", "cable_id": "1045"}, "geometry": {"type": "Point", "coordinates": [-17.451914, 14.686599]}}, {"type": "Feature", "properties": {"id": "fortaleza-brazil", "name": "Fortaleza, Brazil", "cable_id": "1045"}, "geometry": {"type": "Point", "coordinates": [-38.542968, -3.718836]}}, {"type": "Feature", "properties": {"id": "las-toninas-argentina", "name": "Las Toninas, Argentina", "cable_id": "1045"}, "geometry": {"type": "Point", "coordinates": [-56.695487, -36.472532]}}, {"type": "Feature", "properties": {"id": "hollywood-florida-united-states", "name": "Hollywood, Florida, United States", "cable_id": "1046"}, "geometry": {"type": "Point", "coordinates": [-80.160234, 26.010202]}}, {"type": "Feature", "properties": {"id": "conil-spain", "name": "Conil, Spain", "cable_id": "1701"}, "geometry": {"type": "Point", "coordinates": [-6.087222, 36.276567]}}, {"type": "Feature", "properties": {"id": "conil-spain", "name": "Conil, Spain", "cable_id": "1448"}, "geometry": {"type": "Point", "coordinates": [-6.087222, 36.276567]}}, {"type": "Feature", "properties": {"id": "conil-spain", "name": "Conil, Spain", "cable_id": "1046"}, "geometry": {"type": "Point", "coordinates": [-6.087222, 36.276567]}}, {"type": "Feature", "properties": {"id": "mazara-del-vallo-italy", "name": "Mazara del Vallo, Italy", "cable_id": "1046"}, "geometry": {"type": "Point", "coordinates": [12.591272, 37.650126]}}, {"type": "Feature", "properties": {"id": "nassau-bahamas", "name": "Nassau, Bahamas", "cable_id": "1510"}, "geometry": {"type": "Point", "coordinates": [-77.340252, 25.067039]}}, {"type": "Feature", "properties": {"id": "nassau-bahamas", "name": "Nassau, Bahamas", "cable_id": "1078"}, "geometry": {"type": "Point", "coordinates": [-77.340252, 25.067039]}}, {"type": "Feature", "properties": {"id": "crooked-island-bahamas", "name": "Crooked Island, Bahamas", "cable_id": "1510"}, "geometry": {"type": "Point", "coordinates": [-74.19499, 22.629711]}}, {"type": "Feature", "properties": {"id": "crooked-island-bahamas", "name": "Crooked Island, Bahamas", "cable_id": "1078"}, "geometry": {"type": "Point", "coordinates": [-74.19499, 22.629711]}}, {"type": "Feature", "properties": {"id": "providenciales-turks-and-caicos-islands", "name": "Providenciales, Turks and Caicos Islands", "cable_id": "1078"}, "geometry": {"type": "Point", "coordinates": [-72.120235, 21.851098]}}, {"type": "Feature", "properties": {"id": "punta-cana-dominican-republic", "name": "Punta Cana, Dominican Republic", "cable_id": "1083"}, "geometry": {"type": "Point", "coordinates": [-68.438254, 18.621278]}}, {"type": "Feature", "properties": {"id": "punta-cana-dominican-republic", "name": "Punta Cana, Dominican Republic", "cable_id": "1227"}, "geometry": {"type": "Point", "coordinates": [-68.438254, 18.621278]}}, {"type": "Feature", "properties": {"id": "punta-cana-dominican-republic", "name": "Punta Cana, Dominican Republic", "cable_id": "1078"}, "geometry": {"type": "Point", "coordinates": [-68.438254, 18.621278]}}, {"type": "Feature", "properties": {"id": "puerto-plata-dominican-republic", "name": "Puerto Plata, Dominican Republic", "cable_id": "1686"}, "geometry": {"type": "Point", "coordinates": [-70.691232, 19.799341]}}, {"type": "Feature", "properties": {"id": "puerto-plata-dominican-republic", "name": "Puerto Plata, Dominican Republic", "cable_id": "1078"}, "geometry": {"type": "Point", "coordinates": [-70.691232, 19.799341]}}, {"type": "Feature", "properties": {"id": "riohacha-colombia", "name": "Riohacha, Colombia", "cable_id": "1078"}, "geometry": {"type": "Point", "coordinates": [-72.952705, 11.482914]}}, {"type": "Feature", "properties": {"id": "bluefields-nicaragua", "name": "Bluefields, Nicaragua", "cable_id": "1078"}, "geometry": {"type": "Point", "coordinates": [-83.771462, 11.991776]}}, {"type": "Feature", "properties": {"id": "puerto-lempira-honduras", "name": "Puerto Lempira, Honduras", "cable_id": "1078"}, "geometry": {"type": "Point", "coordinates": [-83.77676, 15.261221]}}, {"type": "Feature", "properties": {"id": "trujillo-honduras", "name": "Trujillo, Honduras", "cable_id": "1078"}, "geometry": {"type": "Point", "coordinates": [-85.954762, 15.915151]}}, {"type": "Feature", "properties": {"id": "puerto-cortes-honduras", "name": "Puerto Cortes, Honduras", "cable_id": "1078"}, "geometry": {"type": "Point", "coordinates": [-87.94607, 15.844802]}}, {"type": "Feature", "properties": {"id": "puerto-barrios-guatemala", "name": "Puerto Barrios, Guatemala", "cable_id": "1686"}, "geometry": {"type": "Point", "coordinates": [-88.597241, 15.727138]}}, {"type": "Feature", "properties": {"id": "puerto-barrios-guatemala", "name": "Puerto Barrios, Guatemala", "cable_id": "1078"}, "geometry": {"type": "Point", "coordinates": [-88.597241, 15.727138]}}, {"type": "Feature", "properties": {"id": "hillsboro-oregon-united-states", "name": "Hillsboro, Oregon, United States", "cable_id": "1009"}, "geometry": {"type": "Point", "coordinates": [-122.989797, 45.522901]}}, {"type": "Feature", "properties": {"id": "kahe-point-hawaii-united-states", "name": "Kahe Point, Hawaii, United States", "cable_id": "1009"}, "geometry": {"type": "Point", "coordinates": [-158.130582, 21.353979]}}, {"type": "Feature", "properties": {"id": "suva-fiji", "name": "Suva, Fiji", "cable_id": "1855"}, "geometry": {"type": "Point", "coordinates": [178.437446, -18.12381]}}, {"type": "Feature", "properties": {"id": "suva-fiji", "name": "Suva, Fiji", "cable_id": "1687"}, "geometry": {"type": "Point", "coordinates": [178.437446, -18.12381]}}, {"type": "Feature", "properties": {"id": "suva-fiji", "name": "Suva, Fiji", "cable_id": "1682"}, "geometry": {"type": "Point", "coordinates": [178.437446, -18.12381]}}, {"type": "Feature", "properties": {"id": "suva-fiji", "name": "Suva, Fiji", "cable_id": "1009"}, "geometry": {"type": "Point", "coordinates": [178.437446, -18.12381]}}, {"type": "Feature", "properties": {"id": "barcelona-spain", "name": "Barcelona, Spain", "cable_id": "1053"}, "geometry": {"type": "Point", "coordinates": [2.168536, 41.385341]}}, {"type": "Feature", "properties": {"id": "savona-italy", "name": "Savona, Italy", "cable_id": "1302"}, "geometry": {"type": "Point", "coordinates": [8.483755, 44.305543]}}, {"type": "Feature", "properties": {"id": "savona-italy", "name": "Savona, Italy", "cable_id": "1053"}, "geometry": {"type": "Point", "coordinates": [8.483755, 44.305543]}}, {"type": "Feature", "properties": {"id": "mazara-del-vallo-italy", "name": "Mazara del Vallo, Italy", "cable_id": "1065"}, "geometry": {"type": "Point", "coordinates": [12.591272, 37.650126]}}, {"type": "Feature", "properties": {"id": "tel-aviv-israel", "name": "Tel Aviv, Israel", "cable_id": "1065"}, "geometry": {"type": "Point", "coordinates": [34.769668, 32.044599]}}, {"type": "Feature", "properties": {"id": "yeroskipos-cyprus", "name": "Yeroskipos, Cyprus", "cable_id": "1065"}, "geometry": {"type": "Point", "coordinates": [32.466544, 34.766411]}}, {"type": "Feature", "properties": {"id": "el-mdano-canary-islands-spain", "name": "El M\u00e9dano, Canary Islands, Spain", "cable_id": "1448"}, "geometry": {"type": "Point", "coordinates": [-16.538584, 28.046652]}}, {"type": "Feature", "properties": {"id": "arica-chile", "name": "Arica, Chile", "cable_id": "1073"}, "geometry": {"type": "Point", "coordinates": [-70.306711, -18.47381]}}, {"type": "Feature", "properties": {"id": "punta-carnero-ecuador", "name": "Punta Carnero, Ecuador", "cable_id": "1073"}, "geometry": {"type": "Point", "coordinates": [-80.914433, -2.272914]}}, {"type": "Feature", "properties": {"id": "baby-beach-aruba", "name": "Baby Beach, Aruba", "cable_id": "1289"}, "geometry": {"type": "Point", "coordinates": [-69.878683, 12.414139]}}, {"type": "Feature", "properties": {"id": "baby-beach-aruba", "name": "Baby Beach, Aruba", "cable_id": "1073"}, "geometry": {"type": "Point", "coordinates": [-69.878683, 12.414139]}}, {"type": "Feature", "properties": {"id": "halifax-nova-scotia-canada", "name": "Halifax, Nova Scotia, Canada", "cable_id": "1080"}, "geometry": {"type": "Point", "coordinates": [-63.57395, 44.645801]}}, {"type": "Feature", "properties": {"id": "lynn-massachusetts-united-states", "name": "Lynn, Massachusetts, United States", "cable_id": "1080"}, "geometry": {"type": "Point", "coordinates": [-70.950265, 42.463673]}}, {"type": "Feature", "properties": {"id": "dublin-ireland", "name": "Dublin, Ireland", "cable_id": "1911"}, "geometry": {"type": "Point", "coordinates": [-6.248257, 53.348043]}}, {"type": "Feature", "properties": {"id": "dublin-ireland", "name": "Dublin, Ireland", "cable_id": "1080"}, "geometry": {"type": "Point", "coordinates": [-6.248257, 53.348043]}}, {"type": "Feature", "properties": {"id": "southport-united-kingdom", "name": "Southport, United Kingdom", "cable_id": "1080"}, "geometry": {"type": "Point", "coordinates": [-3.006364, 53.647933]}}, {"type": "Feature", "properties": {"id": "bude-united-kingdom", "name": "Bude, United Kingdom", "cable_id": "1081"}, "geometry": {"type": "Point", "coordinates": [-4.544401, 50.82811]}}, {"type": "Feature", "properties": {"id": "boca-raton-florida-united-states", "name": "Boca Raton, Florida, United States", "cable_id": "1083"}, "geometry": {"type": "Point", "coordinates": [-80.088945, 26.350327]}}, {"type": "Feature", "properties": {"id": "san-juan-puerto-rico-united-states", "name": "San Juan, Puerto Rico, United States", "cable_id": "1619"}, "geometry": {"type": "Point", "coordinates": [-66.106664, 18.465833]}}, {"type": "Feature", "properties": {"id": "san-juan-puerto-rico-united-states", "name": "San Juan, Puerto Rico, United States", "cable_id": "1873"}, "geometry": {"type": "Point", "coordinates": [-66.106664, 18.465833]}}, {"type": "Feature", "properties": {"id": "san-juan-puerto-rico-united-states", "name": "San Juan, Puerto Rico, United States", "cable_id": "1727"}, "geometry": {"type": "Point", "coordinates": [-66.106664, 18.465833]}}, {"type": "Feature", "properties": {"id": "san-juan-puerto-rico-united-states", "name": "San Juan, Puerto Rico, United States", "cable_id": "1686"}, "geometry": {"type": "Point", "coordinates": [-66.106664, 18.465833]}}, {"type": "Feature", "properties": {"id": "san-juan-puerto-rico-united-states", "name": "San Juan, Puerto Rico, United States", "cable_id": "1083"}, "geometry": {"type": "Point", "coordinates": [-66.106664, 18.465833]}}, {"type": "Feature", "properties": {"id": "fortaleza-brazil", "name": "Fortaleza, Brazil", "cable_id": "1083"}, "geometry": {"type": "Point", "coordinates": [-38.542968, -3.718836]}}, {"type": "Feature", "properties": {"id": "rio-de-janeiro-brazil", "name": "Rio de Janeiro, Brazil", "cable_id": "1083"}, "geometry": {"type": "Point", "coordinates": [-43.209568, -22.903397]}}, {"type": "Feature", "properties": {"id": "santos-brazil", "name": "Santos, Brazil", "cable_id": "1083"}, "geometry": {"type": "Point", "coordinates": [-46.328072, -23.961844]}}, {"type": "Feature", "properties": {"id": "las-toninas-argentina", "name": "Las Toninas, Argentina", "cable_id": "1083"}, "geometry": {"type": "Point", "coordinates": [-56.695487, -36.472532]}}, {"type": "Feature", "properties": {"id": "valparaso-chile", "name": "Valpara\u00edso, Chile", "cable_id": "1083"}, "geometry": {"type": "Point", "coordinates": [-71.620479, -33.045775]}}, {"type": "Feature", "properties": {"id": "arica-chile", "name": "Arica, Chile", "cable_id": "1083"}, "geometry": {"type": "Point", "coordinates": [-70.306711, -18.47381]}}, {"type": "Feature", "properties": {"id": "lurin-peru", "name": "Lurin, Peru", "cable_id": "1083"}, "geometry": {"type": "Point", "coordinates": [-76.874286, -12.278525]}}, {"type": "Feature", "properties": {"id": "puerto-san-jose-guatemala", "name": "Puerto San Jose, Guatemala", "cable_id": "1083"}, "geometry": {"type": "Point", "coordinates": [-90.822216, 13.93461]}}, {"type": "Feature", "properties": {"id": "puerto-barrios-guatemala", "name": "Puerto Barrios, Guatemala", "cable_id": "1083"}, "geometry": {"type": "Point", "coordinates": [-88.597241, 15.727138]}}, {"type": "Feature", "properties": {"id": "puerto-limon-costa-rica", "name": "Puerto Limon, Costa Rica", "cable_id": "1071"}, "geometry": {"type": "Point", "coordinates": [-83.037674, 9.988603]}}, {"type": "Feature", "properties": {"id": "vero-beach-florida-united-states", "name": "Vero Beach, Florida, United States", "cable_id": "1645"}, "geometry": {"type": "Point", "coordinates": [-80.394267, 27.638388]}}, {"type": "Feature", "properties": {"id": "vero-beach-florida-united-states", "name": "Vero Beach, Florida, United States", "cable_id": "1069"}, "geometry": {"type": "Point", "coordinates": [-80.394267, 27.638388]}}, {"type": "Feature", "properties": {"id": "nassau-bahamas", "name": "Nassau, Bahamas", "cable_id": "1069"}, "geometry": {"type": "Point", "coordinates": [-77.340252, 25.067039]}}, {"type": "Feature", "properties": {"id": "eight-mile-rock-bahamas", "name": "Eight-Mile Rock, Bahamas", "cable_id": "1069"}, "geometry": {"type": "Point", "coordinates": [-78.802861, 26.539621]}}, {"type": "Feature", "properties": {"id": "mazatln-mexico", "name": "Mazatl\u00e1n, Mexico", "cable_id": "1072"}, "geometry": {"type": "Point", "coordinates": [-106.421867, 23.199535]}}, {"type": "Feature", "properties": {"id": "fort-amador-panama", "name": "Fort Amador, Panama", "cable_id": "1072"}, "geometry": {"type": "Point", "coordinates": [-79.546733, 8.934112]}}, {"type": "Feature", "properties": {"id": "puerto-cabezas-nicaragua", "name": "Puerto Cabezas, Nicaragua", "cable_id": "1078"}, "geometry": {"type": "Point", "coordinates": [-83.393924, 14.021609]}}, {"type": "Feature", "properties": {"id": "tanguisson-point-guam", "name": "Tanguisson Point, Guam", "cable_id": "1757"}, "geometry": {"type": "Point", "coordinates": [144.809337, 13.5491]}}, {"type": "Feature", "properties": {"id": "chongming-china", "name": "Chongming, China", "cable_id": "1786"}, "geometry": {"type": "Point", "coordinates": [121.395212, 31.61988]}}, {"type": "Feature", "properties": {"id": "chongming-china", "name": "Chongming, China", "cable_id": "1617"}, "geometry": {"type": "Point", "coordinates": [121.395212, 31.61988]}}, {"type": "Feature", "properties": {"id": "bandon-oregon-united-states", "name": "Bandon, Oregon, United States", "cable_id": "1794"}, "geometry": {"type": "Point", "coordinates": [-124.408235, 43.118556]}}, {"type": "Feature", "properties": {"id": "chikura-japan", "name": "Chikura, Japan", "cable_id": "1794"}, "geometry": {"type": "Point", "coordinates": [139.954652, 34.976653]}}, {"type": "Feature", "properties": {"id": "fortaleza-brazil", "name": "Fortaleza, Brazil", "cable_id": "1148"}, "geometry": {"type": "Point", "coordinates": [-38.542968, -3.718836]}}, {"type": "Feature", "properties": {"id": "cayenne-french-guiana", "name": "Cayenne, French Guiana", "cable_id": "1148"}, "geometry": {"type": "Point", "coordinates": [-52.321075, 4.941365]}}, {"type": "Feature", "properties": {"id": "le-lamentin-martinique", "name": "Le Lamentin, Martinique", "cable_id": "1290"}, "geometry": {"type": "Point", "coordinates": [-61.094264, 14.615542]}}, {"type": "Feature", "properties": {"id": "le-lamentin-martinique", "name": "Le Lamentin, Martinique", "cable_id": "1148"}, "geometry": {"type": "Point", "coordinates": [-61.094264, 14.615542]}}, {"type": "Feature", "properties": {"id": "miramar-puerto-rico-united-states", "name": "Miramar, Puerto Rico, United States", "cable_id": "1227"}, "geometry": {"type": "Point", "coordinates": [-66.082884, 18.453419]}}, {"type": "Feature", "properties": {"id": "miramar-puerto-rico-united-states", "name": "Miramar, Puerto Rico, United States", "cable_id": "1148"}, "geometry": {"type": "Point", "coordinates": [-66.082884, 18.453419]}}, {"type": "Feature", "properties": {"id": "punto-fijo-venezuela", "name": "Punto Fijo, Venezuela", "cable_id": "1094"}, "geometry": {"type": "Point", "coordinates": [-70.204257, 11.708793]}}, {"type": "Feature", "properties": {"id": "coro-venezuela", "name": "Coro, Venezuela", "cable_id": "1094"}, "geometry": {"type": "Point", "coordinates": [-69.677817, 11.402812]}}, {"type": "Feature", "properties": {"id": "puerto-cabello-venezuela", "name": "Puerto Cabello, Venezuela", "cable_id": "1094"}, "geometry": {"type": "Point", "coordinates": [-68.00958, 10.47813]}}, {"type": "Feature", "properties": {"id": "camuri-venezuela", "name": "Camuri, Venezuela", "cable_id": "1094"}, "geometry": {"type": "Point", "coordinates": [-66.878197, 10.60645]}}, {"type": "Feature", "properties": {"id": "puerto-la-cruz-venezuela", "name": "Puerto La Cruz, Venezuela", "cable_id": "1094"}, "geometry": {"type": "Point", "coordinates": [-64.644872, 10.202544]}}, {"type": "Feature", "properties": {"id": "cuman-venezuela", "name": "Cuman\u00e1, Venezuela", "cable_id": "1094"}, "geometry": {"type": "Point", "coordinates": [-64.182116, 10.454302]}}, {"type": "Feature", "properties": {"id": "porlamar-venezuela", "name": "Porlamar, Venezuela", "cable_id": "1094"}, "geometry": {"type": "Point", "coordinates": [-63.847607, 10.955253]}}, {"type": "Feature", "properties": {"id": "carpano-venezuela", "name": "Car\u00fapano, Venezuela", "cable_id": "1094"}, "geometry": {"type": "Point", "coordinates": [-63.250525, 10.666801]}}, {"type": "Feature", "properties": {"id": "maracaibo-venezuela", "name": "Maracaibo, Venezuela", "cable_id": "1094"}, "geometry": {"type": "Point", "coordinates": [-71.598385, 10.688213]}}, {"type": "Feature", "properties": {"id": "cabimas-venezuela", "name": "Cabimas, Venezuela", "cable_id": "1094"}, "geometry": {"type": "Point", "coordinates": [-71.451095, 10.395952]}}, {"type": "Feature", "properties": {"id": "chichiriviche-venezuela", "name": "Chichiriviche, Venezuela", "cable_id": "1094"}, "geometry": {"type": "Point", "coordinates": [-68.284495, 10.928569]}}, {"type": "Feature", "properties": {"id": "higuerote-venezuela", "name": "Higuerote, Venezuela", "cable_id": "1094"}, "geometry": {"type": "Point", "coordinates": [-66.098107, 10.480351]}}, {"type": "Feature", "properties": {"id": "port-of-spain-trinidad-and-tobago", "name": "Port of Spain, Trinidad and Tobago", "cable_id": "1148"}, "geometry": {"type": "Point", "coordinates": [-61.516676, 10.649785]}}, {"type": "Feature", "properties": {"id": "hollywood-florida-united-states", "name": "Hollywood, Florida, United States", "cable_id": "1148"}, "geometry": {"type": "Point", "coordinates": [-80.160234, 26.010202]}}, {"type": "Feature", "properties": {"id": "st-croix-virgin-islands-united-states", "name": "St. Croix, Virgin Islands, United States", "cable_id": "1148"}, "geometry": {"type": "Point", "coordinates": [-64.819408, 17.771864]}}, {"type": "Feature", "properties": {"id": "camuri-venezuela", "name": "Camuri, Venezuela", "cable_id": "1148"}, "geometry": {"type": "Point", "coordinates": [-66.878294, 10.606108]}}, {"type": "Feature", "properties": {"id": "cartagena-colombia", "name": "Cartagena, Colombia", "cable_id": "1727"}, "geometry": {"type": "Point", "coordinates": [-75.505683, 10.386699]}}, {"type": "Feature", "properties": {"id": "cartagena-colombia", "name": "Cartagena, Colombia", "cable_id": "1686"}, "geometry": {"type": "Point", "coordinates": [-75.505683, 10.386699]}}, {"type": "Feature", "properties": {"id": "cartagena-colombia", "name": "Cartagena, Colombia", "cable_id": "1078"}, "geometry": {"type": "Point", "coordinates": [-75.505683, 10.386699]}}, {"type": "Feature", "properties": {"id": "cat-island-bahamas", "name": "Cat Island, Bahamas", "cable_id": "1510"}, "geometry": {"type": "Point", "coordinates": [-75.525898, 24.40333]}}, {"type": "Feature", "properties": {"id": "cat-island-bahamas", "name": "Cat Island, Bahamas", "cable_id": "1078"}, "geometry": {"type": "Point", "coordinates": [-75.525898, 24.40333]}}, {"type": "Feature", "properties": {"id": "paddington-australia", "name": "Paddington, Australia", "cable_id": "1102"}, "geometry": {"type": "Point", "coordinates": [151.22867, -33.882128]}}, {"type": "Feature", "properties": {"id": "oxford-falls-australia", "name": "Oxford Falls, Australia", "cable_id": "1750"}, "geometry": {"type": "Point", "coordinates": [151.245076, -33.737377]}}, {"type": "Feature", "properties": {"id": "oxford-falls-australia", "name": "Oxford Falls, Australia", "cable_id": "1102"}, "geometry": {"type": "Point", "coordinates": [151.245076, -33.737377]}}, {"type": "Feature", "properties": {"id": "tanguisson-point-guam", "name": "Tanguisson Point, Guam", "cable_id": "1102"}, "geometry": {"type": "Point", "coordinates": [144.809337, 13.5491]}}, {"type": "Feature", "properties": {"id": "tumon-bay-guam", "name": "Tumon Bay, Guam", "cable_id": "1692"}, "geometry": {"type": "Point", "coordinates": [144.800548, 13.51359]}}, {"type": "Feature", "properties": {"id": "tumon-bay-guam", "name": "Tumon Bay, Guam", "cable_id": "1102"}, "geometry": {"type": "Point", "coordinates": [144.800548, 13.51359]}}, {"type": "Feature", "properties": {"id": "maruyama-japan", "name": "Maruyama, Japan", "cable_id": "1102"}, "geometry": {"type": "Point", "coordinates": [139.816956, 35.037517]}}, {"type": "Feature", "properties": {"id": "shima-japan", "name": "Shima, Japan", "cable_id": "1102"}, "geometry": {"type": "Point", "coordinates": [136.87438, 34.336834]}}, {"type": "Feature", "properties": {"id": "ninomiya-japan", "name": "Ninomiya, Japan", "cable_id": "1027"}, "geometry": {"type": "Point", "coordinates": [139.255433, 35.299443]}}, {"type": "Feature", "properties": {"id": "keoje-korea-rep-", "name": "Keoje, Korea, Rep.", "cable_id": "1027"}, "geometry": {"type": "Point", "coordinates": [128.620795, 34.880645]}}, {"type": "Feature", "properties": {"id": "jeddah-saudi-arabia", "name": "Jeddah, Saudi Arabia", "cable_id": "1739"}, "geometry": {"type": "Point", "coordinates": [39.182751, 21.481262]}}, {"type": "Feature", "properties": {"id": "jeddah-saudi-arabia", "name": "Jeddah, Saudi Arabia", "cable_id": "1552"}, "geometry": {"type": "Point", "coordinates": [39.182751, 21.481262]}}, {"type": "Feature", "properties": {"id": "jeddah-saudi-arabia", "name": "Jeddah, Saudi Arabia", "cable_id": "1675"}, "geometry": {"type": "Point", "coordinates": [39.182751, 21.481262]}}, {"type": "Feature", "properties": {"id": "jeddah-saudi-arabia", "name": "Jeddah, Saudi Arabia", "cable_id": "1027"}, "geometry": {"type": "Point", "coordinates": [39.182751, 21.481262]}}, {"type": "Feature", "properties": {"id": "aqaba-jordan", "name": "Aqaba, Jordan", "cable_id": "1806"}, "geometry": {"type": "Point", "coordinates": [35.006972, 29.531758]}}, {"type": "Feature", "properties": {"id": "aqaba-jordan", "name": "Aqaba, Jordan", "cable_id": "1027"}, "geometry": {"type": "Point", "coordinates": [35.006972, 29.531758]}}, {"type": "Feature", "properties": {"id": "salvador-brazil", "name": "Salvador, Brazil", "cable_id": "1686"}, "geometry": {"type": "Point", "coordinates": [-38.504638, -12.969979]}}, {"type": "Feature", "properties": {"id": "salvador-brazil", "name": "Salvador, Brazil", "cable_id": "1083"}, "geometry": {"type": "Point", "coordinates": [-38.504638, -12.969979]}}, {"type": "Feature", "properties": {"id": "medan-indonesia", "name": "Medan, Indonesia", "cable_id": "1031"}, "geometry": {"type": "Point", "coordinates": [98.676082, 3.751741]}}, {"type": "Feature", "properties": {"id": "jeddah-saudi-arabia", "name": "Jeddah, Saudi Arabia", "cable_id": "1031"}, "geometry": {"type": "Point", "coordinates": [39.182751, 21.481262]}}, {"type": "Feature", "properties": {"id": "alexandria-australia", "name": "Alexandria, Australia", "cable_id": "1009"}, "geometry": {"type": "Point", "coordinates": [151.196248, -33.913988]}}, {"type": "Feature", "properties": {"id": "chikura-japan", "name": "Chikura, Japan", "cable_id": "1049"}, "geometry": {"type": "Point", "coordinates": [139.954652, 34.976653]}}, {"type": "Feature", "properties": {"id": "pusan-korea-rep-", "name": "Pusan, Korea, Rep.", "cable_id": "1786"}, "geometry": {"type": "Point", "coordinates": [128.99931, 35.170147]}}, {"type": "Feature", "properties": {"id": "pusan-korea-rep-", "name": "Pusan, Korea, Rep.", "cable_id": "1617"}, "geometry": {"type": "Point", "coordinates": [128.99931, 35.170147]}}, {"type": "Feature", "properties": {"id": "pusan-korea-rep-", "name": "Pusan, Korea, Rep.", "cable_id": "1049"}, "geometry": {"type": "Point", "coordinates": [128.99931, 35.170147]}}, {"type": "Feature", "properties": {"id": "wall-township-new-jersey-united-states", "name": "Wall Township, New Jersey, United States", "cable_id": "1926"}, "geometry": {"type": "Point", "coordinates": [-74.062861, 40.152908]}}, {"type": "Feature", "properties": {"id": "wall-township-new-jersey-united-states", "name": "Wall Township, New Jersey, United States", "cable_id": "1728"}, "geometry": {"type": "Point", "coordinates": [-74.062861, 40.152908]}}, {"type": "Feature", "properties": {"id": "wall-township-new-jersey-united-states", "name": "Wall Township, New Jersey, United States", "cable_id": "1149"}, "geometry": {"type": "Point", "coordinates": [-74.062861, 40.152908]}}, {"type": "Feature", "properties": {"id": "rio-de-janeiro-brazil", "name": "Rio de Janeiro, Brazil", "cable_id": "1076"}, "geometry": {"type": "Point", "coordinates": [-43.209568, -22.903397]}}, {"type": "Feature", "properties": {"id": "shantou-china", "name": "Shantou, China", "cable_id": "1049"}, "geometry": {"type": "Point", "coordinates": [116.675488, 23.354552]}}, {"type": "Feature", "properties": {"id": "kuantan-malaysia", "name": "Kuantan, Malaysia", "cable_id": "1617"}, "geometry": {"type": "Point", "coordinates": [103.322565, 3.815169]}}, {"type": "Feature", "properties": {"id": "kuantan-malaysia", "name": "Kuantan, Malaysia", "cable_id": "1049"}, "geometry": {"type": "Point", "coordinates": [103.322565, 3.815169]}}, {"type": "Feature", "properties": {"id": "kitaibaraki-japan", "name": "Kitaibaraki, Japan", "cable_id": "1049"}, "geometry": {"type": "Point", "coordinates": [140.75094, 36.801787]}}, {"type": "Feature", "properties": {"id": "chennai-india", "name": "Chennai, India", "cable_id": "1735"}, "geometry": {"type": "Point", "coordinates": [80.243083, 13.06348]}}, {"type": "Feature", "properties": {"id": "chennai-india", "name": "Chennai, India", "cable_id": "1179"}, "geometry": {"type": "Point", "coordinates": [80.243083, 13.06348]}}, {"type": "Feature", "properties": {"id": "catania-italy", "name": "Catania, Italy", "cable_id": "1559"}, "geometry": {"type": "Point", "coordinates": [15.067443, 37.511588]}}, {"type": "Feature", "properties": {"id": "catania-italy", "name": "Catania, Italy", "cable_id": "1185"}, "geometry": {"type": "Point", "coordinates": [15.067443, 37.511588]}}, {"type": "Feature", "properties": {"id": "tel-aviv-israel", "name": "Tel Aviv, Israel", "cable_id": "1185"}, "geometry": {"type": "Point", "coordinates": [34.769668, 32.044599]}}, {"type": "Feature", "properties": {"id": "haifa-israel", "name": "Haifa, Israel", "cable_id": "1713"}, "geometry": {"type": "Point", "coordinates": [34.998769, 32.81142]}}, {"type": "Feature", "properties": {"id": "haifa-israel", "name": "Haifa, Israel", "cable_id": "1185"}, "geometry": {"type": "Point", "coordinates": [34.998769, 32.81142]}}, {"type": "Feature", "properties": {"id": "istanbul-turkey", "name": "Istanbul, Turkey", "cable_id": "1185"}, "geometry": {"type": "Point", "coordinates": [28.986101, 41.040615]}}, {"type": "Feature", "properties": {"id": "chania-greece", "name": "Chania, Greece", "cable_id": "1739"}, "geometry": {"type": "Point", "coordinates": [24.012165, 35.511809]}}, {"type": "Feature", "properties": {"id": "chania-greece", "name": "Chania, Greece", "cable_id": "1303"}, "geometry": {"type": "Point", "coordinates": [24.012165, 35.511809]}}, {"type": "Feature", "properties": {"id": "chania-greece", "name": "Chania, Greece", "cable_id": "1185"}, "geometry": {"type": "Point", "coordinates": [24.012165, 35.511809]}}, {"type": "Feature", "properties": {"id": "sochi-russia", "name": "Sochi, Russia", "cable_id": "1192"}, "geometry": {"type": "Point", "coordinates": [39.725818, 43.615504]}}, {"type": "Feature", "properties": {"id": "poti-georgia", "name": "Poti, Georgia", "cable_id": "1192"}, "geometry": {"type": "Point", "coordinates": [41.667614, 42.150771]}}, {"type": "Feature", "properties": {"id": "whittier-alaska-united-states", "name": "Whittier, Alaska, United States", "cable_id": "1168"}, "geometry": {"type": "Point", "coordinates": [-148.684737, 60.77293]}}, {"type": "Feature", "properties": {"id": "valdez-alaska-united-states", "name": "Valdez, Alaska, United States", "cable_id": "1168"}, "geometry": {"type": "Point", "coordinates": [-146.353342, 61.130352]}}, {"type": "Feature", "properties": {"id": "juneau-alaska-united-states", "name": "Juneau, Alaska, United States", "cable_id": "1168"}, "geometry": {"type": "Point", "coordinates": [-134.406863, 58.299506]}}, {"type": "Feature", "properties": {"id": "dubai-united-arab-emirates", "name": "Dubai, United Arab Emirates", "cable_id": "1209"}, "geometry": {"type": "Point", "coordinates": [55.308427, 25.269346]}}, {"type": "Feature", "properties": {"id": "doha-qatar", "name": "Doha, Qatar", "cable_id": "1739"}, "geometry": {"type": "Point", "coordinates": [51.519367, 25.294346]}}, {"type": "Feature", "properties": {"id": "doha-qatar", "name": "Doha, Qatar", "cable_id": "1209"}, "geometry": {"type": "Point", "coordinates": [51.519367, 25.294346]}}, {"type": "Feature", "properties": {"id": "manama-bahrain", "name": "Manama, Bahrain", "cable_id": "1209"}, "geometry": {"type": "Point", "coordinates": [50.575812, 26.228977]}}, {"type": "Feature", "properties": {"id": "kuwait-city-kuwait", "name": "Kuwait City, Kuwait", "cable_id": "1209"}, "geometry": {"type": "Point", "coordinates": [47.974739, 29.374019]}}, {"type": "Feature", "properties": {"id": "lannion-france", "name": "Lannion, France", "cable_id": "1889"}, "geometry": {"type": "Point", "coordinates": [-3.459928, 48.73026]}}, {"type": "Feature", "properties": {"id": "lannion-france", "name": "Lannion, France", "cable_id": "1697"}, "geometry": {"type": "Point", "coordinates": [-3.459928, 48.73026]}}, {"type": "Feature", "properties": {"id": "lannion-france", "name": "Lannion, France", "cable_id": "1213"}, "geometry": {"type": "Point", "coordinates": [-3.459928, 48.73026]}}, {"type": "Feature", "properties": {"id": "shirley-new-york-united-states", "name": "Shirley, New York, United States", "cable_id": "1691"}, "geometry": {"type": "Point", "coordinates": [-72.872237, 40.800283]}}, {"type": "Feature", "properties": {"id": "shirley-new-york-united-states", "name": "Shirley, New York, United States", "cable_id": "1213"}, "geometry": {"type": "Point", "coordinates": [-72.872237, 40.800283]}}, {"type": "Feature", "properties": {"id": "manasquan-new-jersey-united-states", "name": "Manasquan, New Jersey, United States", "cable_id": "1213"}, "geometry": {"type": "Point", "coordinates": [-74.047041, 40.123343]}}, {"type": "Feature", "properties": {"id": "bude-united-kingdom", "name": "Bude, United Kingdom", "cable_id": "1213"}, "geometry": {"type": "Point", "coordinates": [-4.544401, 50.82811]}}, {"type": "Feature", "properties": {"id": "tong-fuk-hong-kong-china", "name": "Tong Fuk, Hong Kong, China", "cable_id": "1150"}, "geometry": {"type": "Point", "coordinates": [113.93213, 22.227379]}}, {"type": "Feature", "properties": {"id": "toucheng-taiwan", "name": "Toucheng, Taiwan", "cable_id": "1150"}, "geometry": {"type": "Point", "coordinates": [121.801462, 24.863596]}}, {"type": "Feature", "properties": {"id": "bellport-new-york-united-states", "name": "Bellport, New York, United States", "cable_id": "1081"}, "geometry": {"type": "Point", "coordinates": [-72.937813, 40.755544]}}, {"type": "Feature", "properties": {"id": "puerto-viejo-venezuela", "name": "Puerto Viejo, Venezuela", "cable_id": "1084"}, "geometry": {"type": "Point", "coordinates": [-67.029954, 10.611211]}}, {"type": "Feature", "properties": {"id": "hollywood-florida-united-states", "name": "Hollywood, Florida, United States", "cable_id": "1071"}, "geometry": {"type": "Point", "coordinates": [-80.160234, 26.010202]}}, {"type": "Feature", "properties": {"id": "maria-chiquita-panama", "name": "Maria Chiquita, Panama", "cable_id": "1727"}, "geometry": {"type": "Point", "coordinates": [-79.753544, 9.437334]}}, {"type": "Feature", "properties": {"id": "maria-chiquita-panama", "name": "Maria Chiquita, Panama", "cable_id": "1071"}, "geometry": {"type": "Point", "coordinates": [-79.753544, 9.437334]}}, {"type": "Feature", "properties": {"id": "tolu-colombia", "name": "Tolu, Colombia", "cable_id": "1843"}, "geometry": {"type": "Point", "coordinates": [-75.558564, 9.496294]}}, {"type": "Feature", "properties": {"id": "tolu-colombia", "name": "Tolu, Colombia", "cable_id": "1071"}, "geometry": {"type": "Point", "coordinates": [-75.558564, 9.496294]}}, {"type": "Feature", "properties": {"id": "half-moon-bay-cayman-islands", "name": "Half Moon Bay, Cayman Islands", "cable_id": "1068"}, "geometry": {"type": "Point", "coordinates": [-81.166776, 19.282959]}}, {"type": "Feature", "properties": {"id": "half-moon-bay-cayman-islands", "name": "Half Moon Bay, Cayman Islands", "cable_id": "1071"}, "geometry": {"type": "Point", "coordinates": [-81.166776, 19.282959]}}, {"type": "Feature", "properties": {"id": "skewjack-united-kingdom", "name": "Skewjack, United Kingdom", "cable_id": "1028"}, "geometry": {"type": "Point", "coordinates": [-5.675064, 50.06356]}}, {"type": "Feature", "properties": {"id": "willemstad-curaao", "name": "Willemstad, Cura\u00e7ao", "cable_id": "1494"}, "geometry": {"type": "Point", "coordinates": [-68.896604, 12.095316]}}, {"type": "Feature", "properties": {"id": "willemstad-curaao", "name": "Willemstad, Cura\u00e7ao", "cable_id": "1774"}, "geometry": {"type": "Point", "coordinates": [-68.896604, 12.095316]}}, {"type": "Feature", "properties": {"id": "willemstad-curaao", "name": "Willemstad, Cura\u00e7ao", "cable_id": "1289"}, "geometry": {"type": "Point", "coordinates": [-68.896604, 12.095316]}}, {"type": "Feature", "properties": {"id": "willemstad-curaao", "name": "Willemstad, Cura\u00e7ao", "cable_id": "1148"}, "geometry": {"type": "Point", "coordinates": [-68.896604, 12.095316]}}, {"type": "Feature", "properties": {"id": "krst-norway", "name": "K\u00e5rst\u00f8, Norway", "cable_id": "1203"}, "geometry": {"type": "Point", "coordinates": [5.524381, 59.279266]}}, {"type": "Feature", "properties": {"id": "lowestoft-united-kingdom", "name": "Lowestoft, United Kingdom", "cable_id": "1936"}, "geometry": {"type": "Point", "coordinates": [1.72918, 52.471359]}}, {"type": "Feature", "properties": {"id": "lowestoft-united-kingdom", "name": "Lowestoft, United Kingdom", "cable_id": "1203"}, "geometry": {"type": "Point", "coordinates": [1.72918, 52.471359]}}, {"type": "Feature", "properties": {"id": "novorossiysk-russia", "name": "Novorossiysk, Russia", "cable_id": "1192"}, "geometry": {"type": "Point", "coordinates": [37.772791, 44.723633]}}, {"type": "Feature", "properties": {"id": "hillsboro-oregon-united-states", "name": "Hillsboro, Oregon, United States", "cable_id": "1166"}, "geometry": {"type": "Point", "coordinates": [-122.989797, 45.522901]}}, {"type": "Feature", "properties": {"id": "lena-point-alaska-united-states", "name": "Lena Point, Alaska, United States", "cable_id": "1840"}, "geometry": {"type": "Point", "coordinates": [-134.747293, 58.550946]}}, {"type": "Feature", "properties": {"id": "lena-point-alaska-united-states", "name": "Lena Point, Alaska, United States", "cable_id": "1166"}, "geometry": {"type": "Point", "coordinates": [-134.747293, 58.550946]}}, {"type": "Feature", "properties": {"id": "whittier-alaska-united-states", "name": "Whittier, Alaska, United States", "cable_id": "1166"}, "geometry": {"type": "Point", "coordinates": [-148.684737, 60.77293]}}, {"type": "Feature", "properties": {"id": "ribnitz-germany", "name": "Ribnitz, Germany", "cable_id": "1200"}, "geometry": {"type": "Point", "coordinates": [12.431507, 54.243343]}}, {"type": "Feature", "properties": {"id": "gedser-denmark", "name": "Gedser, Denmark", "cable_id": "1762"}, "geometry": {"type": "Point", "coordinates": [11.928968, 54.576351]}}, {"type": "Feature", "properties": {"id": "gedser-denmark", "name": "Gedser, Denmark", "cable_id": "1764"}, "geometry": {"type": "Point", "coordinates": [11.928968, 54.576351]}}, {"type": "Feature", "properties": {"id": "gedser-denmark", "name": "Gedser, Denmark", "cable_id": "1759"}, "geometry": {"type": "Point", "coordinates": [11.928968, 54.576351]}}, {"type": "Feature", "properties": {"id": "gedser-denmark", "name": "Gedser, Denmark", "cable_id": "1200"}, "geometry": {"type": "Point", "coordinates": [11.928968, 54.576351]}}, {"type": "Feature", "properties": {"id": "krdla-estonia", "name": "K\u00e4rdla, Estonia", "cable_id": "1221"}, "geometry": {"type": "Point", "coordinates": [22.738045, 59.00086]}}, {"type": "Feature", "properties": {"id": "stavsnas-sweden", "name": "Stavsnas, Sweden", "cable_id": "1221"}, "geometry": {"type": "Point", "coordinates": [18.764609, 59.822723]}}, {"type": "Feature", "properties": {"id": "sesimbra-portugal", "name": "Sesimbra, Portugal", "cable_id": "1219"}, "geometry": {"type": "Point", "coordinates": [-9.102748, 38.442691]}}, {"type": "Feature", "properties": {"id": "alta-vista-canary-islands-spain", "name": "Alta Vista, Canary Islands, Spain", "cable_id": "1852"}, "geometry": {"type": "Point", "coordinates": [-15.699962, 27.999496]}}, {"type": "Feature", "properties": {"id": "alta-vista-canary-islands-spain", "name": "Alta Vista, Canary Islands, Spain", "cable_id": "1219"}, "geometry": {"type": "Point", "coordinates": [-15.699962, 27.999496]}}, {"type": "Feature", "properties": {"id": "dakar-senegal", "name": "Dakar, Senegal", "cable_id": "1219"}, "geometry": {"type": "Point", "coordinates": [-17.451914, 14.686599]}}, {"type": "Feature", "properties": {"id": "accra-ghana", "name": "Accra, Ghana", "cable_id": "1219"}, "geometry": {"type": "Point", "coordinates": [-0.201092, 5.558283]}}, {"type": "Feature", "properties": {"id": "cotonou-benin", "name": "Cotonou, Benin", "cable_id": "1219"}, "geometry": {"type": "Point", "coordinates": [2.439922, 6.356574]}}, {"type": "Feature", "properties": {"id": "lagos-nigeria", "name": "Lagos, Nigeria", "cable_id": "1821"}, "geometry": {"type": "Point", "coordinates": [3.42321, 6.438874]}}, {"type": "Feature", "properties": {"id": "lagos-nigeria", "name": "Lagos, Nigeria", "cable_id": "1219"}, "geometry": {"type": "Point", "coordinates": [3.42321, 6.438874]}}, {"type": "Feature", "properties": {"id": "libreville-gabon", "name": "Libreville, Gabon", "cable_id": "1747"}, "geometry": {"type": "Point", "coordinates": [9.45436, 0.394272]}}, {"type": "Feature", "properties": {"id": "libreville-gabon", "name": "Libreville, Gabon", "cable_id": "1219"}, "geometry": {"type": "Point", "coordinates": [9.45436, 0.394272]}}, {"type": "Feature", "properties": {"id": "cacuaco-angola", "name": "Cacuaco, Angola", "cable_id": "1219"}, "geometry": {"type": "Point", "coordinates": [13.372327, -8.776671]}}, {"type": "Feature", "properties": {"id": "melkbosstrand-south-africa", "name": "Melkbosstrand, South Africa", "cable_id": "1219"}, "geometry": {"type": "Point", "coordinates": [18.445762, -33.72722]}}, {"type": "Feature", "properties": {"id": "douala-cameroon", "name": "Douala, Cameroon", "cable_id": "1219"}, "geometry": {"type": "Point", "coordinates": [9.706313, 4.047151]}}, {"type": "Feature", "properties": {"id": "abidjan-cte-divoire", "name": "Abidjan, C\u00f4te d'Ivoire", "cable_id": "1219"}, "geometry": {"type": "Point", "coordinates": [-4.026237, 5.323518]}}, {"type": "Feature", "properties": {"id": "penang-malaysia", "name": "Penang, Malaysia", "cable_id": "1220"}, "geometry": {"type": "Point", "coordinates": [100.362996, 5.353645]}}, {"type": "Feature", "properties": {"id": "cochin-india", "name": "Cochin, India", "cable_id": "1220"}, "geometry": {"type": "Point", "coordinates": [76.26955, 9.938091]}}, {"type": "Feature", "properties": {"id": "baie-jacotet-mauritius", "name": "Baie Jacotet, Mauritius", "cable_id": "1220"}, "geometry": {"type": "Point", "coordinates": [57.485379, -20.474004]}}, {"type": "Feature", "properties": {"id": "saint-paul-runion", "name": "Saint Paul, R\u00e9union", "cable_id": "1220"}, "geometry": {"type": "Point", "coordinates": [55.27913, -21.000249]}}, {"type": "Feature", "properties": {"id": "mtunzini-south-africa", "name": "Mtunzini, South Africa", "cable_id": "1220"}, "geometry": {"type": "Point", "coordinates": [31.757853, -28.950636]}}, {"type": "Feature", "properties": {"id": "lurin-peru", "name": "Lurin, Peru", "cable_id": "1073"}, "geometry": {"type": "Point", "coordinates": [-76.874286, -12.278525]}}, {"type": "Feature", "properties": {"id": "panama-city-panama", "name": "Panama City, Panama", "cable_id": "1073"}, "geometry": {"type": "Point", "coordinates": [-79.536699, 8.964605]}}, {"type": "Feature", "properties": {"id": "coln-panama", "name": "Col\u00f3n, Panama", "cable_id": "1791"}, "geometry": {"type": "Point", "coordinates": [-79.900029, 9.353716]}}, {"type": "Feature", "properties": {"id": "coln-panama", "name": "Col\u00f3n, Panama", "cable_id": "1084"}, "geometry": {"type": "Point", "coordinates": [-79.900029, 9.353716]}}, {"type": "Feature", "properties": {"id": "coln-panama", "name": "Col\u00f3n, Panama", "cable_id": "1073"}, "geometry": {"type": "Point", "coordinates": [-79.900029, 9.353716]}}, {"type": "Feature", "properties": {"id": "st-croix-virgin-islands-united-states", "name": "St. Croix, Virgin Islands, United States", "cable_id": "1073"}, "geometry": {"type": "Point", "coordinates": [-64.819408, 17.771864]}}, {"type": "Feature", "properties": {"id": "kolobrzeg-poland", "name": "Kolobrzeg, Poland", "cable_id": "1199"}, "geometry": {"type": "Point", "coordinates": [15.574865, 54.172347]}}, {"type": "Feature", "properties": {"id": "ystad-sweden", "name": "Ystad, Sweden", "cable_id": "1199"}, "geometry": {"type": "Point", "coordinates": [13.828284, 55.431331]}}, {"type": "Feature", "properties": {"id": "gedser-denmark", "name": "Gedser, Denmark", "cable_id": "1199"}, "geometry": {"type": "Point", "coordinates": [11.928968, 54.576351]}}, {"type": "Feature", "properties": {"id": "kilmore-quay-ireland", "name": "Kilmore Quay, Ireland", "cable_id": "1054"}, "geometry": {"type": "Point", "coordinates": [-6.584097, 52.174582]}}, {"type": "Feature", "properties": {"id": "kilmore-quay-ireland", "name": "Kilmore Quay, Ireland", "cable_id": "1223"}, "geometry": {"type": "Point", "coordinates": [-6.584097, 52.174582]}}, {"type": "Feature", "properties": {"id": "sennen-cove-united-kingdom", "name": "Sennen Cove, United Kingdom", "cable_id": "1054"}, "geometry": {"type": "Point", "coordinates": [-5.698746, 50.07606]}}, {"type": "Feature", "properties": {"id": "sennen-cove-united-kingdom", "name": "Sennen Cove, United Kingdom", "cable_id": "1223"}, "geometry": {"type": "Point", "coordinates": [-5.698746, 50.07606]}}, {"type": "Feature", "properties": {"id": "sandymount-ireland", "name": "Sandymount, Ireland", "cable_id": "1224"}, "geometry": {"type": "Point", "coordinates": [-6.215445, 53.331417]}}, {"type": "Feature", "properties": {"id": "southport-united-kingdom", "name": "Southport, United Kingdom", "cable_id": "1224"}, "geometry": {"type": "Point", "coordinates": [-3.006364, 53.647933]}}, {"type": "Feature", "properties": {"id": "lantau-island-hong-kong-china", "name": "Lantau Island, Hong Kong, China", "cable_id": "1049"}, "geometry": {"type": "Point", "coordinates": [113.948341, 22.271496]}}, {"type": "Feature", "properties": {"id": "chongming-china", "name": "Chongming, China", "cable_id": "1049"}, "geometry": {"type": "Point", "coordinates": [121.395212, 31.61988]}}, {"type": "Feature", "properties": {"id": "katong-singapore", "name": "Katong, Singapore", "cable_id": "1049"}, "geometry": {"type": "Point", "coordinates": [103.904693, 1.309286]}}, {"type": "Feature", "properties": {"id": "batangas-philippines", "name": "Batangas, Philippines", "cable_id": "1049"}, "geometry": {"type": "Point", "coordinates": [121.064939, 13.765555]}}, {"type": "Feature", "properties": {"id": "willemstad-curaao", "name": "Willemstad, Cura\u00e7ao", "cable_id": "1078"}, "geometry": {"type": "Point", "coordinates": [-68.896604, 12.095316]}}, {"type": "Feature", "properties": {"id": "punto-fijo-venezuela", "name": "Punto Fijo, Venezuela", "cable_id": "1078"}, "geometry": {"type": "Point", "coordinates": [-70.204367, 11.708598]}}, {"type": "Feature", "properties": {"id": "shanghai-china", "name": "Shanghai, China", "cable_id": "1027"}, "geometry": {"type": "Point", "coordinates": [121.472458, 31.247504]}}, {"type": "Feature", "properties": {"id": "wada-japan", "name": "Wada, Japan", "cable_id": "1150"}, "geometry": {"type": "Point", "coordinates": [140.016761, 35.035845]}}, {"type": "Feature", "properties": {"id": "lynnwood-washington-united-states", "name": "Lynnwood, Washington, United States", "cable_id": "1168"}, "geometry": {"type": "Point", "coordinates": [-122.315853, 47.823998]}}, {"type": "Feature", "properties": {"id": "melkbosstrand-south-africa", "name": "Melkbosstrand, South Africa", "cable_id": "1220"}, "geometry": {"type": "Point", "coordinates": [18.445762, -33.72722]}}, {"type": "Feature", "properties": {"id": "tanshui-taiwan", "name": "Tanshui, Taiwan", "cable_id": "1794"}, "geometry": {"type": "Point", "coordinates": [121.462595, 25.181357]}}, {"type": "Feature", "properties": {"id": "tanshui-taiwan", "name": "Tanshui, Taiwan", "cable_id": "1049"}, "geometry": {"type": "Point", "coordinates": [121.462595, 25.181357]}}, {"type": "Feature", "properties": {"id": "punto-fijo-venezuela", "name": "Punto Fijo, Venezuela", "cable_id": "1073"}, "geometry": {"type": "Point", "coordinates": [-70.204367, 11.708598]}}, {"type": "Feature", "properties": {"id": "barranquilla-colombia", "name": "Barranquilla, Colombia", "cable_id": "1076"}, "geometry": {"type": "Point", "coordinates": [-74.779755, 10.940459]}}, {"type": "Feature", "properties": {"id": "barranquilla-colombia", "name": "Barranquilla, Colombia", "cable_id": "1686"}, "geometry": {"type": "Point", "coordinates": [-74.779755, 10.940459]}}, {"type": "Feature", "properties": {"id": "barranquilla-colombia", "name": "Barranquilla, Colombia", "cable_id": "1073"}, "geometry": {"type": "Point", "coordinates": [-74.779755, 10.940459]}}, {"type": "Feature", "properties": {"id": "los-angeles-california-united-states", "name": "Los Angeles, California, United States", "cable_id": "1932"}, "geometry": {"type": "Point", "coordinates": [-118.245347, 34.053399]}}, {"type": "Feature", "properties": {"id": "los-angeles-california-united-states", "name": "Los Angeles, California, United States", "cable_id": "1155"}, "geometry": {"type": "Point", "coordinates": [-118.245347, 34.053399]}}, {"type": "Feature", "properties": {"id": "toyohashi-japan", "name": "Toyohashi, Japan", "cable_id": "1155"}, "geometry": {"type": "Point", "coordinates": [137.391567, 34.76906]}}, {"type": "Feature", "properties": {"id": "hillsboro-oregon-united-states", "name": "Hillsboro, Oregon, United States", "cable_id": "1155"}, "geometry": {"type": "Point", "coordinates": [-122.989797, 45.522901]}}, {"type": "Feature", "properties": {"id": "brookvale-australia", "name": "Brookvale, Australia", "cable_id": "1009"}, "geometry": {"type": "Point", "coordinates": [151.273982, -33.761156]}}, {"type": "Feature", "properties": {"id": "pedersker-denmark", "name": "Pedersker, Denmark", "cable_id": "1199"}, "geometry": {"type": "Point", "coordinates": [14.99215, 55.030928]}}, {"type": "Feature", "properties": {"id": "tallinn-estonia", "name": "Tallinn, Estonia", "cable_id": "1263"}, "geometry": {"type": "Point", "coordinates": [24.752399, 59.4362]}}, {"type": "Feature", "properties": {"id": "tallinn-estonia", "name": "Tallinn, Estonia", "cable_id": "1221"}, "geometry": {"type": "Point", "coordinates": [24.752399, 59.4362]}}, {"type": "Feature", "properties": {"id": "emi-japan", "name": "Emi, Japan", "cable_id": "1155"}, "geometry": {"type": "Point", "coordinates": [140.061097, 35.062383]}}, {"type": "Feature", "properties": {"id": "kilmore-quay-ireland", "name": "Kilmore Quay, Ireland", "cable_id": "1205"}, "geometry": {"type": "Point", "coordinates": [-6.584097, 52.174582]}}, {"type": "Feature", "properties": {"id": "oxwich-bay-united-kingdom", "name": "Oxwich Bay, United Kingdom", "cable_id": "1835"}, "geometry": {"type": "Point", "coordinates": [-4.169596, 51.557785]}}, {"type": "Feature", "properties": {"id": "oxwich-bay-united-kingdom", "name": "Oxwich Bay, United Kingdom", "cable_id": "1205"}, "geometry": {"type": "Point", "coordinates": [-4.169596, 51.557785]}}, {"type": "Feature", "properties": {"id": "north-miami-beach-florida-united-states", "name": "North Miami Beach, Florida, United States", "cable_id": "1078"}, "geometry": {"type": "Point", "coordinates": [-80.162382, 25.932944]}}, {"type": "Feature", "properties": {"id": "katthammarsvik-sweden", "name": "Katthammarsvik, Sweden", "cable_id": "1222"}, "geometry": {"type": "Point", "coordinates": [18.845273, 57.431037]}}, {"type": "Feature", "properties": {"id": "chania-greece", "name": "Chania, Greece", "cable_id": "1031"}, "geometry": {"type": "Point", "coordinates": [24.012165, 35.511809]}}, {"type": "Feature", "properties": {"id": "blaabjerg-denmark", "name": "Blaabjerg, Denmark", "cable_id": "1737"}, "geometry": {"type": "Point", "coordinates": [8.32897, 55.751533]}}, {"type": "Feature", "properties": {"id": "blaabjerg-denmark", "name": "Blaabjerg, Denmark", "cable_id": "1043"}, "geometry": {"type": "Point", "coordinates": [8.32897, 55.751533]}}, {"type": "Feature", "properties": {"id": "fukuoka-japan", "name": "Fukuoka, Japan", "cable_id": "1231"}, "geometry": {"type": "Point", "coordinates": [130.401653, 33.590301]}}, {"type": "Feature", "properties": {"id": "boca-raton-florida-united-states", "name": "Boca Raton, Florida, United States", "cable_id": "1232"}, "geometry": {"type": "Point", "coordinates": [-80.088945, 26.350327]}}, {"type": "Feature", "properties": {"id": "caves-point-bahamas", "name": "Caves Point, Bahamas", "cable_id": "1232"}, "geometry": {"type": "Point", "coordinates": [-77.452996, 25.068455]}}, {"type": "Feature", "properties": {"id": "current-bahamas", "name": "Current, Bahamas", "cable_id": "1232"}, "geometry": {"type": "Point", "coordinates": [-76.787664, 25.407834]}}, {"type": "Feature", "properties": {"id": "sandy-point-bahamas", "name": "Sandy Point, Bahamas", "cable_id": "1510"}, "geometry": {"type": "Point", "coordinates": [-77.399529, 26.025205]}}, {"type": "Feature", "properties": {"id": "sandy-point-bahamas", "name": "Sandy Point, Bahamas", "cable_id": "1232"}, "geometry": {"type": "Point", "coordinates": [-77.399529, 26.025205]}}, {"type": "Feature", "properties": {"id": "highbridge-united-kingdom", "name": "Highbridge, United Kingdom", "cable_id": "1149"}, "geometry": {"type": "Point", "coordinates": [-2.975017, 51.222226]}}, {"type": "Feature", "properties": {"id": "highbridge-united-kingdom", "name": "Highbridge, United Kingdom", "cable_id": "1173"}, "geometry": {"type": "Point", "coordinates": [-2.975017, 51.222226]}}, {"type": "Feature", "properties": {"id": "bilbao-spain", "name": "Bilbao, Spain", "cable_id": "1890"}, "geometry": {"type": "Point", "coordinates": [-2.946159, 43.268348]}}, {"type": "Feature", "properties": {"id": "bilbao-spain", "name": "Bilbao, Spain", "cable_id": "1173"}, "geometry": {"type": "Point", "coordinates": [-2.946159, 43.268348]}}, {"type": "Feature", "properties": {"id": "satun-thailand", "name": "Satun, Thailand", "cable_id": "1027"}, "geometry": {"type": "Point", "coordinates": [100.066121, 6.613214]}}, {"type": "Feature", "properties": {"id": "el-mdano-canary-islands-spain", "name": "El M\u00e9dano, Canary Islands, Spain", "cable_id": "1045"}, "geometry": {"type": "Point", "coordinates": [-16.538584, 28.046652]}}, {"type": "Feature", "properties": {"id": "ttouan-morocco", "name": "T\u00e9touan, Morocco", "cable_id": "1251"}, "geometry": {"type": "Point", "coordinates": [-5.391812, 35.565923]}}, {"type": "Feature", "properties": {"id": "ttouan-morocco", "name": "T\u00e9touan, Morocco", "cable_id": "1031"}, "geometry": {"type": "Point", "coordinates": [-5.391812, 35.565923]}}, {"type": "Feature", "properties": {"id": "tulum-mexico", "name": "Tulum, Mexico", "cable_id": "1078"}, "geometry": {"type": "Point", "coordinates": [-87.463599, 20.212549]}}, {"type": "Feature", "properties": {"id": "isla-verde-puerto-rico-united-states", "name": "Isla Verde, Puerto Rico, United States", "cable_id": "1229"}, "geometry": {"type": "Point", "coordinates": [-66.016869, 18.441651]}}, {"type": "Feature", "properties": {"id": "isla-verde-puerto-rico-united-states", "name": "Isla Verde, Puerto Rico, United States", "cable_id": "1227"}, "geometry": {"type": "Point", "coordinates": [-66.016869, 18.441651]}}, {"type": "Feature", "properties": {"id": "isla-verde-puerto-rico-united-states", "name": "Isla Verde, Puerto Rico, United States", "cable_id": "1078"}, "geometry": {"type": "Point", "coordinates": [-66.016869, 18.441651]}}, {"type": "Feature", "properties": {"id": "piti-guam", "name": "Piti, Guam", "cable_id": "1902"}, "geometry": {"type": "Point", "coordinates": [144.694688, 13.464688]}}, {"type": "Feature", "properties": {"id": "piti-guam", "name": "Piti, Guam", "cable_id": "1874"}, "geometry": {"type": "Point", "coordinates": [144.694688, 13.464688]}}, {"type": "Feature", "properties": {"id": "piti-guam", "name": "Piti, Guam", "cable_id": "1823"}, "geometry": {"type": "Point", "coordinates": [144.694688, 13.464688]}}, {"type": "Feature", "properties": {"id": "piti-guam", "name": "Piti, Guam", "cable_id": "1605"}, "geometry": {"type": "Point", "coordinates": [144.694688, 13.464688]}}, {"type": "Feature", "properties": {"id": "piti-guam", "name": "Piti, Guam", "cable_id": "1155"}, "geometry": {"type": "Point", "coordinates": [144.694688, 13.464688]}}, {"type": "Feature", "properties": {"id": "hawksbill-bahamas", "name": "Hawksbill, Bahamas", "cable_id": "1510"}, "geometry": {"type": "Point", "coordinates": [-78.736846, 26.516904]}}, {"type": "Feature", "properties": {"id": "hawksbill-bahamas", "name": "Hawksbill, Bahamas", "cable_id": "1232"}, "geometry": {"type": "Point", "coordinates": [-78.736846, 26.516904]}}, {"type": "Feature", "properties": {"id": "cancn-mexico", "name": "Canc\u00fan, Mexico", "cable_id": "1686"}, "geometry": {"type": "Point", "coordinates": [-86.767555, 21.095727]}}, {"type": "Feature", "properties": {"id": "cancn-mexico", "name": "Canc\u00fan, Mexico", "cable_id": "1071"}, "geometry": {"type": "Point", "coordinates": [-86.767555, 21.095727]}}, {"type": "Feature", "properties": {"id": "belize-city-belize", "name": "Belize City, Belize", "cable_id": "1078"}, "geometry": {"type": "Point", "coordinates": [-88.181617, 17.495546]}}, {"type": "Feature", "properties": {"id": "songkhla-thailand", "name": "Songkhla, Thailand", "cable_id": "1238"}, "geometry": {"type": "Point", "coordinates": [100.59698, 7.078449]}}, {"type": "Feature", "properties": {"id": "batam-indonesia", "name": "Batam, Indonesia", "cable_id": "1238"}, "geometry": {"type": "Point", "coordinates": [103.962506, 1.134726]}}, {"type": "Feature", "properties": {"id": "changi-south-singapore", "name": "Changi South, Singapore", "cable_id": "1535"}, "geometry": {"type": "Point", "coordinates": [103.987017, 1.389047]}}, {"type": "Feature", "properties": {"id": "changi-south-singapore", "name": "Changi South, Singapore", "cable_id": "1679"}, "geometry": {"type": "Point", "coordinates": [103.987017, 1.389047]}}, {"type": "Feature", "properties": {"id": "changi-north-singapore", "name": "Changi North, Singapore", "cable_id": "1561"}, "geometry": {"type": "Point", "coordinates": [103.987017, 1.389047]}}, {"type": "Feature", "properties": {"id": "changi-north-singapore", "name": "Changi North, Singapore", "cable_id": "1238"}, "geometry": {"type": "Point", "coordinates": [103.987017, 1.389047]}}, {"type": "Feature", "properties": {"id": "logi-russia", "name": "Logi, Russia", "cable_id": "1610"}, "geometry": {"type": "Point", "coordinates": [28.499871, 59.799883]}}, {"type": "Feature", "properties": {"id": "helsinki-finland", "name": "Helsinki, Finland", "cable_id": "1710"}, "geometry": {"type": "Point", "coordinates": [24.93249, 60.171075]}}, {"type": "Feature", "properties": {"id": "helsinki-finland", "name": "Helsinki, Finland", "cable_id": "1816"}, "geometry": {"type": "Point", "coordinates": [24.93249, 60.171075]}}, {"type": "Feature", "properties": {"id": "helsinki-finland", "name": "Helsinki, Finland", "cable_id": "1268"}, "geometry": {"type": "Point", "coordinates": [24.93249, 60.171075]}}, {"type": "Feature", "properties": {"id": "helsinki-finland", "name": "Helsinki, Finland", "cable_id": "1263"}, "geometry": {"type": "Point", "coordinates": [24.93249, 60.171075]}}, {"type": "Feature", "properties": {"id": "helsinki-finland", "name": "Helsinki, Finland", "cable_id": "1242"}, "geometry": {"type": "Point", "coordinates": [24.93249, 60.171075]}}, {"type": "Feature", "properties": {"id": "tallinn-estonia", "name": "Tallinn, Estonia", "cable_id": "1242"}, "geometry": {"type": "Point", "coordinates": [24.752399, 59.4362]}}, {"type": "Feature", "properties": {"id": "maiquetia-venezuela", "name": "Maiquetia, Venezuela", "cable_id": "1076"}, "geometry": {"type": "Point", "coordinates": [-66.960325, 10.599394]}}, {"type": "Feature", "properties": {"id": "el-djamila-algeria", "name": "El Djamila, Algeria", "cable_id": "1234"}, "geometry": {"type": "Point", "coordinates": [2.901445, 36.800224]}}, {"type": "Feature", "properties": {"id": "ostend-belgium", "name": "Ostend, Belgium", "cable_id": "1031"}, "geometry": {"type": "Point", "coordinates": [2.912676, 51.231125]}}, {"type": "Feature", "properties": {"id": "funningsfjordur-faeroe-islands", "name": "Funningsfjordur, Faeroe Islands", "cable_id": "1240"}, "geometry": {"type": "Point", "coordinates": [-6.92814, 62.244108]}}, {"type": "Feature", "properties": {"id": "seydisfjordur-iceland", "name": "Seydisfjordur, Iceland", "cable_id": "1240"}, "geometry": {"type": "Point", "coordinates": [-14.018029, 65.251346]}}, {"type": "Feature", "properties": {"id": "tuas-singapore", "name": "Tuas, Singapore", "cable_id": "1179"}, "geometry": {"type": "Point", "coordinates": [103.647076, 1.338193]}}, {"type": "Feature", "properties": {"id": "puerto-limon-costa-rica", "name": "Puerto Limon, Costa Rica", "cable_id": "1078"}, "geometry": {"type": "Point", "coordinates": [-83.037674, 9.988603]}}, {"type": "Feature", "properties": {"id": "cancn-mexico", "name": "Canc\u00fan, Mexico", "cable_id": "1078"}, "geometry": {"type": "Point", "coordinates": [-86.767555, 21.095727]}}, {"type": "Feature", "properties": {"id": "plerin-france", "name": "Plerin, France", "cable_id": "1028"}, "geometry": {"type": "Point", "coordinates": [-2.768083, 48.53474]}}, {"type": "Feature", "properties": {"id": "athens-greece", "name": "Athens, Greece", "cable_id": "1185"}, "geometry": {"type": "Point", "coordinates": [23.736287, 37.976078]}}, {"type": "Feature", "properties": {"id": "pusan-korea-rep-", "name": "Pusan, Korea, Rep.", "cable_id": "1150"}, "geometry": {"type": "Point", "coordinates": [128.99931, 35.170147]}}, {"type": "Feature", "properties": {"id": "pusan-korea-rep-", "name": "Pusan, Korea, Rep.", "cable_id": "1231"}, "geometry": {"type": "Point", "coordinates": [128.99931, 35.170147]}}, {"type": "Feature", "properties": {"id": "ses-covetes-spain", "name": "Ses Covetes, Spain", "cable_id": "1187"}, "geometry": {"type": "Point", "coordinates": [2.970964, 39.354544]}}, {"type": "Feature", "properties": {"id": "ses-covetes-spain", "name": "Ses Covetes, Spain", "cable_id": "1234"}, "geometry": {"type": "Point", "coordinates": [2.970964, 39.354544]}}, {"type": "Feature", "properties": {"id": "kita-kyushu-japan", "name": "Kita-kyushu, Japan", "cable_id": "1692"}, "geometry": {"type": "Point", "coordinates": [131.032024, 33.839276]}}, {"type": "Feature", "properties": {"id": "kita-kyushu-japan", "name": "Kita-kyushu, Japan", "cable_id": "1231"}, "geometry": {"type": "Point", "coordinates": [131.032024, 33.839276]}}, {"type": "Feature", "properties": {"id": "dunnet-bay-united-kingdom", "name": "Dunnet Bay, United Kingdom", "cable_id": "1240"}, "geometry": {"type": "Point", "coordinates": [-3.346208, 58.615314]}}, {"type": "Feature", "properties": {"id": "harbour-pointe-washington-united-states", "name": "Harbour Pointe, Washington, United States", "cable_id": "1007"}, "geometry": {"type": "Point", "coordinates": [-122.302181, 47.886217]}}, {"type": "Feature", "properties": {"id": "jeddah-saudi-arabia", "name": "Jeddah, Saudi Arabia", "cable_id": "1247"}, "geometry": {"type": "Point", "coordinates": [39.182751, 21.481262]}}, {"type": "Feature", "properties": {"id": "port-sudan-sudan", "name": "Port Sudan, Sudan", "cable_id": "1675"}, "geometry": {"type": "Point", "coordinates": [37.219666, 19.615564]}}, {"type": "Feature", "properties": {"id": "port-sudan-sudan", "name": "Port Sudan, Sudan", "cable_id": "1247"}, "geometry": {"type": "Point", "coordinates": [37.219666, 19.615564]}}, {"type": "Feature", "properties": {"id": "kuwait-city-kuwait", "name": "Kuwait City, Kuwait", "cable_id": "1250"}, "geometry": {"type": "Point", "coordinates": [47.974739, 29.374019]}}, {"type": "Feature", "properties": {"id": "ganaveh-iran", "name": "Ganaveh, Iran", "cable_id": "1250"}, "geometry": {"type": "Point", "coordinates": [50.521125, 29.570747]}}, {"type": "Feature", "properties": {"id": "chennai-india", "name": "Chennai, India", "cable_id": "1252"}, "geometry": {"type": "Point", "coordinates": [80.243083, 13.06348]}}, {"type": "Feature", "properties": {"id": "changi-north-singapore", "name": "Changi North, Singapore", "cable_id": "1252"}, "geometry": {"type": "Point", "coordinates": [103.987017, 1.389047]}}, {"type": "Feature", "properties": {"id": "djibouti-city-djibouti", "name": "Djibouti City, Djibouti", "cable_id": "1246"}, "geometry": {"type": "Point", "coordinates": [43.147984, 11.594682]}}, {"type": "Feature", "properties": {"id": "mombasa-kenya", "name": "Mombasa, Kenya", "cable_id": "1246"}, "geometry": {"type": "Point", "coordinates": [39.67279, -4.053211]}}, {"type": "Feature", "properties": {"id": "dar-es-salaam-tanzania", "name": "Dar Es Salaam, Tanzania", "cable_id": "1246"}, "geometry": {"type": "Point", "coordinates": [39.269665, -6.823229]}}, {"type": "Feature", "properties": {"id": "maputo-mozambique", "name": "Maputo, Mozambique", "cable_id": "1246"}, "geometry": {"type": "Point", "coordinates": [32.580606, -25.968533]}}, {"type": "Feature", "properties": {"id": "toliara-madagascar", "name": "Toliara, Madagascar", "cable_id": "1246"}, "geometry": {"type": "Point", "coordinates": [43.66312, -23.354764]}}, {"type": "Feature", "properties": {"id": "mtunzini-south-africa", "name": "Mtunzini, South Africa", "cable_id": "1246"}, "geometry": {"type": "Point", "coordinates": [31.757853, -28.950636]}}, {"type": "Feature", "properties": {"id": "saint-maarten-sint-maarten", "name": "Saint Maarten, Sint Maarten", "cable_id": "1290"}, "geometry": {"type": "Point", "coordinates": [-63.073706, 18.031043]}}, {"type": "Feature", "properties": {"id": "isla-verde-puerto-rico-united-states", "name": "Isla Verde, Puerto Rico, United States", "cable_id": "1245"}, "geometry": {"type": "Point", "coordinates": [-66.016869, 18.441651]}}, {"type": "Feature", "properties": {"id": "tripoli-libya", "name": "Tripoli, Libya", "cable_id": "1184"}, "geometry": {"type": "Point", "coordinates": [13.187268, 32.877301]}}, {"type": "Feature", "properties": {"id": "tripoli-libya", "name": "Tripoli, Libya", "cable_id": "1287"}, "geometry": {"type": "Point", "coordinates": [13.187268, 32.877301]}}, {"type": "Feature", "properties": {"id": "mazara-del-vallo-italy", "name": "Mazara del Vallo, Italy", "cable_id": "1287"}, "geometry": {"type": "Point", "coordinates": [12.591272, 37.650126]}}, {"type": "Feature", "properties": {"id": "halul-island-qatar", "name": "Halul Island, Qatar", "cable_id": "1254"}, "geometry": {"type": "Point", "coordinates": [52.420245, 25.668564]}}, {"type": "Feature", "properties": {"id": "das-island-united-arab-emirates", "name": "Das Island, United Arab Emirates", "cable_id": "1254"}, "geometry": {"type": "Point", "coordinates": [52.865948, 25.152634]}}, {"type": "Feature", "properties": {"id": "catania-italy", "name": "Catania, Italy", "cable_id": "1301"}, "geometry": {"type": "Point", "coordinates": [15.067443, 37.511588]}}, {"type": "Feature", "properties": {"id": "msida-malta", "name": "Msida, Malta", "cable_id": "1301"}, "geometry": {"type": "Point", "coordinates": [14.488146, 35.898711]}}, {"type": "Feature", "properties": {"id": "pentaskhinos-cyprus", "name": "Pentaskhinos, Cyprus", "cable_id": "1740"}, "geometry": {"type": "Point", "coordinates": [33.603555, 34.828484]}}, {"type": "Feature", "properties": {"id": "pentaskhinos-cyprus", "name": "Pentaskhinos, Cyprus", "cable_id": "1305"}, "geometry": {"type": "Point", "coordinates": [33.603555, 34.828484]}}, {"type": "Feature", "properties": {"id": "beirut-lebanon", "name": "Beirut, Lebanon", "cable_id": "1305"}, "geometry": {"type": "Point", "coordinates": [35.485195, 33.892474]}}, {"type": "Feature", "properties": {"id": "pentaskhinos-cyprus", "name": "Pentaskhinos, Cyprus", "cable_id": "1306"}, "geometry": {"type": "Point", "coordinates": [33.603555, 34.828484]}}, {"type": "Feature", "properties": {"id": "tartous-syria", "name": "Tartous, Syria", "cable_id": "1306"}, "geometry": {"type": "Point", "coordinates": [35.897792, 34.891704]}}, {"type": "Feature", "properties": {"id": "aden-yemen", "name": "Aden, Yemen", "cable_id": "1739"}, "geometry": {"type": "Point", "coordinates": [45.03353, 12.800687]}}, {"type": "Feature", "properties": {"id": "fujairah-united-arab-emirates", "name": "Fujairah, United Arab Emirates", "cable_id": "1308"}, "geometry": {"type": "Point", "coordinates": [56.33372, 25.12169]}}, {"type": "Feature", "properties": {"id": "jask-iran", "name": "Jask, Iran", "cable_id": "1689"}, "geometry": {"type": "Point", "coordinates": [57.797391, 25.681235]}}, {"type": "Feature", "properties": {"id": "jask-iran", "name": "Jask, Iran", "cable_id": "1695"}, "geometry": {"type": "Point", "coordinates": [57.797391, 25.681235]}}, {"type": "Feature", "properties": {"id": "jask-iran", "name": "Jask, Iran", "cable_id": "1308"}, "geometry": {"type": "Point", "coordinates": [57.797391, 25.681235]}}, {"type": "Feature", "properties": {"id": "tartous-syria", "name": "Tartous, Syria", "cable_id": "1319"}, "geometry": {"type": "Point", "coordinates": [35.897792, 34.891704]}}, {"type": "Feature", "properties": {"id": "alexandria-egypt", "name": "Alexandria, Egypt", "cable_id": "1319"}, "geometry": {"type": "Point", "coordinates": [29.889787, 31.191889]}}, {"type": "Feature", "properties": {"id": "trablous-lebanon", "name": "Trablous, Lebanon", "cable_id": "1321"}, "geometry": {"type": "Point", "coordinates": [35.85912, 34.439422]}}, {"type": "Feature", "properties": {"id": "beirut-lebanon", "name": "Beirut, Lebanon", "cable_id": "1321"}, "geometry": {"type": "Point", "coordinates": [35.485195, 33.892474]}}, {"type": "Feature", "properties": {"id": "saida-lebanon", "name": "Saida, Lebanon", "cable_id": "1321"}, "geometry": {"type": "Point", "coordinates": [35.386269, 33.450189]}}, {"type": "Feature", "properties": {"id": "tartous-syria", "name": "Tartous, Syria", "cable_id": "1321"}, "geometry": {"type": "Point", "coordinates": [35.897792, 34.891704]}}, {"type": "Feature", "properties": {"id": "kingston-jamaica", "name": "Kingston, Jamaica", "cable_id": "1068"}, "geometry": {"type": "Point", "coordinates": [-76.792157, 17.992225]}}, {"type": "Feature", "properties": {"id": "cayman-brac-cayman-islands", "name": "Cayman Brac, Cayman Islands", "cable_id": "1068"}, "geometry": {"type": "Point", "coordinates": [-79.877641, 19.690332]}}, {"type": "Feature", "properties": {"id": "lowestoft-united-kingdom", "name": "Lowestoft, United Kingdom", "cable_id": "1137"}, "geometry": {"type": "Point", "coordinates": [1.72918, 52.471359]}}, {"type": "Feature", "properties": {"id": "zandvoort-netherlands", "name": "Zandvoort, Netherlands", "cable_id": "1137"}, "geometry": {"type": "Point", "coordinates": [4.527214, 52.370407]}}, {"type": "Feature", "properties": {"id": "pevensey-bay-united-kingdom", "name": "Pevensey Bay, United Kingdom", "cable_id": "1323"}, "geometry": {"type": "Point", "coordinates": [0.366681, 50.819016]}}, {"type": "Feature", "properties": {"id": "cayeux-sur-mer-france", "name": "Cayeux-sur-Mer, France", "cable_id": "1323"}, "geometry": {"type": "Point", "coordinates": [1.493438, 50.178806]}}, {"type": "Feature", "properties": {"id": "broadstairs-united-kingdom", "name": "Broadstairs, United Kingdom", "cable_id": "1324"}, "geometry": {"type": "Point", "coordinates": [1.439434, 51.358884]}}, {"type": "Feature", "properties": {"id": "ostend-belgium", "name": "Ostend, Belgium", "cable_id": "1324"}, "geometry": {"type": "Point", "coordinates": [2.912676, 51.231125]}}, {"type": "Feature", "properties": {"id": "puttgarden-germany", "name": "Puttgarden, Germany", "cable_id": "1336"}, "geometry": {"type": "Point", "coordinates": [11.212464, 54.496065]}}, {"type": "Feature", "properties": {"id": "rodbyhavn-denmark", "name": "Rodbyhavn, Denmark", "cable_id": "1336"}, "geometry": {"type": "Point", "coordinates": [11.358656, 54.663069]}}, {"type": "Feature", "properties": {"id": "balluta-bay-malta", "name": "Balluta Bay, Malta", "cable_id": "1249"}, "geometry": {"type": "Point", "coordinates": [14.380041, 35.934062]}}, {"type": "Feature", "properties": {"id": "catania-italy", "name": "Catania, Italy", "cable_id": "1249"}, "geometry": {"type": "Point", "coordinates": [15.067443, 37.511588]}}, {"type": "Feature", "properties": {"id": "doha-qatar", "name": "Doha, Qatar", "cable_id": "1254"}, "geometry": {"type": "Point", "coordinates": [51.519367, 25.294346]}}, {"type": "Feature", "properties": {"id": "abu-dhabi-united-arab-emirates", "name": "Abu Dhabi, United Arab Emirates", "cable_id": "1254"}, "geometry": {"type": "Point", "coordinates": [54.418877, 24.443785]}}, {"type": "Feature", "properties": {"id": "seward-alaska-united-states", "name": "Seward, Alaska, United States", "cable_id": "1348"}, "geometry": {"type": "Point", "coordinates": [-149.443135, 60.112188]}}, {"type": "Feature", "properties": {"id": "warrenton-oregon-united-states", "name": "Warrenton, Oregon, United States", "cable_id": "1348"}, "geometry": {"type": "Point", "coordinates": [-123.92386, 46.165124]}}, {"type": "Feature", "properties": {"id": "satun-thailand", "name": "Satun, Thailand", "cable_id": "1035"}, "geometry": {"type": "Point", "coordinates": [100.066121, 6.613214]}}, {"type": "Feature", "properties": {"id": "chennai-india", "name": "Chennai, India", "cable_id": "1035"}, "geometry": {"type": "Point", "coordinates": [80.243083, 13.06348]}}, {"type": "Feature", "properties": {"id": "colombo-sri-lanka", "name": "Colombo, Sri Lanka", "cable_id": "1035"}, "geometry": {"type": "Point", "coordinates": [79.87199, 6.92674]}}, {"type": "Feature", "properties": {"id": "mumbai-india", "name": "Mumbai, India", "cable_id": "1035"}, "geometry": {"type": "Point", "coordinates": [72.875899, 19.075794]}}, {"type": "Feature", "properties": {"id": "karachi-pakistan", "name": "Karachi, Pakistan", "cable_id": "1035"}, "geometry": {"type": "Point", "coordinates": [67.028539, 24.889378]}}, {"type": "Feature", "properties": {"id": "fujairah-united-arab-emirates", "name": "Fujairah, United Arab Emirates", "cable_id": "1035"}, "geometry": {"type": "Point", "coordinates": [56.33372, 25.12169]}}, {"type": "Feature", "properties": {"id": "jeddah-saudi-arabia", "name": "Jeddah, Saudi Arabia", "cable_id": "1035"}, "geometry": {"type": "Point", "coordinates": [39.182751, 21.481262]}}, {"type": "Feature", "properties": {"id": "suez-egypt", "name": "Suez, Egypt", "cable_id": "1035"}, "geometry": {"type": "Point", "coordinates": [32.530118, 29.972285]}}, {"type": "Feature", "properties": {"id": "alexandria-egypt", "name": "Alexandria, Egypt", "cable_id": "1035"}, "geometry": {"type": "Point", "coordinates": [29.889787, 31.191889]}}, {"type": "Feature", "properties": {"id": "palermo-italy", "name": "Palermo, Italy", "cable_id": "1035"}, "geometry": {"type": "Point", "coordinates": [13.358362, 38.1215]}}, {"type": "Feature", "properties": {"id": "bizerte-tunisia", "name": "Bizerte, Tunisia", "cable_id": "1035"}, "geometry": {"type": "Point", "coordinates": [9.867348, 37.276347]}}, {"type": "Feature", "properties": {"id": "annaba-algeria", "name": "Annaba, Algeria", "cable_id": "1035"}, "geometry": {"type": "Point", "coordinates": [7.755435, 36.902348]}}, {"type": "Feature", "properties": {"id": "marseille-france", "name": "Marseille, France", "cable_id": "1739"}, "geometry": {"type": "Point", "coordinates": [5.372623, 43.293165]}}, {"type": "Feature", "properties": {"id": "marseille-france", "name": "Marseille, France", "cable_id": "1035"}, "geometry": {"type": "Point", "coordinates": [5.372623, 43.293165]}}, {"type": "Feature", "properties": {"id": "coxs-bazar-bangladesh", "name": "Cox\u2019s Bazar, Bangladesh", "cable_id": "1035"}, "geometry": {"type": "Point", "coordinates": [91.994933, 21.429174]}}, {"type": "Feature", "properties": {"id": "melaka-malaysia", "name": "Melaka, Malaysia", "cable_id": "1559"}, "geometry": {"type": "Point", "coordinates": [102.220905, 2.273177]}}, {"type": "Feature", "properties": {"id": "melaka-malaysia", "name": "Melaka, Malaysia", "cable_id": "1035"}, "geometry": {"type": "Point", "coordinates": [102.220905, 2.273177]}}, {"type": "Feature", "properties": {"id": "dumai-indonesia", "name": "Dumai, Indonesia", "cable_id": "1350"}, "geometry": {"type": "Point", "coordinates": [101.447565, 1.665316]}}, {"type": "Feature", "properties": {"id": "melaka-malaysia", "name": "Melaka, Malaysia", "cable_id": "1350"}, "geometry": {"type": "Point", "coordinates": [102.220905, 2.273177]}}, {"type": "Feature", "properties": {"id": "karachi-pakistan", "name": "Karachi, Pakistan", "cable_id": "1351"}, "geometry": {"type": "Point", "coordinates": [67.028539, 24.889378]}}, {"type": "Feature", "properties": {"id": "fujairah-united-arab-emirates", "name": "Fujairah, United Arab Emirates", "cable_id": "1351"}, "geometry": {"type": "Point", "coordinates": [56.33372, 25.12169]}}, {"type": "Feature", "properties": {"id": "lagos-nigeria", "name": "Lagos, Nigeria", "cable_id": "1357"}, "geometry": {"type": "Point", "coordinates": [3.42321, 6.438874]}}, {"type": "Feature", "properties": {"id": "bude-united-kingdom", "name": "Bude, United Kingdom", "cable_id": "1357"}, "geometry": {"type": "Point", "coordinates": [-4.544401, 50.82811]}}, {"type": "Feature", "properties": {"id": "port-sudan-sudan", "name": "Port Sudan, Sudan", "cable_id": "1246"}, "geometry": {"type": "Point", "coordinates": [37.219666, 19.615564]}}, {"type": "Feature", "properties": {"id": "tuticorine-india", "name": "Tuticorine, India", "cable_id": "1356"}, "geometry": {"type": "Point", "coordinates": [78.145135, 8.802203]}}, {"type": "Feature", "properties": {"id": "mt-lavinia-sri-lanka", "name": "Mt. Lavinia, Sri Lanka", "cable_id": "1356"}, "geometry": {"type": "Point", "coordinates": [79.866716, 6.832697]}}, {"type": "Feature", "properties": {"id": "ventspils-latvia", "name": "Ventspils, Latvia", "cable_id": "1270"}, "geometry": {"type": "Point", "coordinates": [21.569979, 57.389533]}}, {"type": "Feature", "properties": {"id": "ventspils-latvia", "name": "Ventspils, Latvia", "cable_id": "1364"}, "geometry": {"type": "Point", "coordinates": [21.569979, 57.389533]}}, {"type": "Feature", "properties": {"id": "farosund-sweden", "name": "Farosund, Sweden", "cable_id": "1364"}, "geometry": {"type": "Point", "coordinates": [19.055332, 57.862983]}}, {"type": "Feature", "properties": {"id": "stockholm-sweden", "name": "Stockholm, Sweden", "cable_id": "1710"}, "geometry": {"type": "Point", "coordinates": [18.062852, 59.332208]}}, {"type": "Feature", "properties": {"id": "stockholm-sweden", "name": "Stockholm, Sweden", "cable_id": "1364"}, "geometry": {"type": "Point", "coordinates": [18.062852, 59.332208]}}, {"type": "Feature", "properties": {"id": "stockholm-sweden", "name": "Stockholm, Sweden", "cable_id": "1340"}, "geometry": {"type": "Point", "coordinates": [18.062852, 59.332208]}}, {"type": "Feature", "properties": {"id": "mumbai-india", "name": "Mumbai, India", "cable_id": "1346"}, "geometry": {"type": "Point", "coordinates": [72.875899, 19.075794]}}, {"type": "Feature", "properties": {"id": "suez-egypt", "name": "Suez, Egypt", "cable_id": "1346"}, "geometry": {"type": "Point", "coordinates": [32.530118, 29.972285]}}, {"type": "Feature", "properties": {"id": "al-safat-kuwait", "name": "Al Safat, Kuwait", "cable_id": "1346"}, "geometry": {"type": "Point", "coordinates": [47.976497, 29.36993]}}, {"type": "Feature", "properties": {"id": "manama-bahrain", "name": "Manama, Bahrain", "cable_id": "1346"}, "geometry": {"type": "Point", "coordinates": [50.575812, 26.228977]}}, {"type": "Feature", "properties": {"id": "al-seeb-oman", "name": "Al Seeb, Oman", "cable_id": "1346"}, "geometry": {"type": "Point", "coordinates": [58.176102, 23.684703]}}, {"type": "Feature", "properties": {"id": "khasab-oman", "name": "Khasab, Oman", "cable_id": "1695"}, "geometry": {"type": "Point", "coordinates": [56.246806, 26.181308]}}, {"type": "Feature", "properties": {"id": "khasab-oman", "name": "Khasab, Oman", "cable_id": "1346"}, "geometry": {"type": "Point", "coordinates": [56.246806, 26.181308]}}, {"type": "Feature", "properties": {"id": "annaba-algeria", "name": "Annaba, Algeria", "cable_id": "1366"}, "geometry": {"type": "Point", "coordinates": [7.755435, 36.902348]}}, {"type": "Feature", "properties": {"id": "marseille-france", "name": "Marseille, France", "cable_id": "1366"}, "geometry": {"type": "Point", "coordinates": [5.372623, 43.293165]}}, {"type": "Feature", "properties": {"id": "al-seeb-oman", "name": "Al Seeb, Oman", "cable_id": "1351"}, "geometry": {"type": "Point", "coordinates": [58.176102, 23.684703]}}, {"type": "Feature", "properties": {"id": "algiers-algeria", "name": "Algiers, Algeria", "cable_id": "1366"}, "geometry": {"type": "Point", "coordinates": [3.031804, 36.765336]}}, {"type": "Feature", "properties": {"id": "al-ghaydah-yemen", "name": "Al Ghaydah, Yemen", "cable_id": "1346"}, "geometry": {"type": "Point", "coordinates": [52.182355, 16.210378]}}, {"type": "Feature", "properties": {"id": "jeddah-saudi-arabia", "name": "Jeddah, Saudi Arabia", "cable_id": "1346"}, "geometry": {"type": "Point", "coordinates": [39.182751, 21.481262]}}, {"type": "Feature", "properties": {"id": "al-hudaydah-yemen", "name": "Al Hudaydah, Yemen", "cable_id": "1559"}, "geometry": {"type": "Point", "coordinates": [43.008531, 14.685562]}}, {"type": "Feature", "properties": {"id": "al-hudaydah-yemen", "name": "Al Hudaydah, Yemen", "cable_id": "1346"}, "geometry": {"type": "Point", "coordinates": [43.008531, 14.685562]}}, {"type": "Feature", "properties": {"id": "port-sudan-sudan", "name": "Port Sudan, Sudan", "cable_id": "1346"}, "geometry": {"type": "Point", "coordinates": [37.219666, 19.615564]}}, {"type": "Feature", "properties": {"id": "bull-bay-jamaica", "name": "Bull Bay, Jamaica", "cable_id": "1361"}, "geometry": {"type": "Point", "coordinates": [-76.666668, 17.949671]}}, {"type": "Feature", "properties": {"id": "kokkini-greece", "name": "Kokkini, Greece", "cable_id": "1383"}, "geometry": {"type": "Point", "coordinates": [19.923984, 39.753824]}}, {"type": "Feature", "properties": {"id": "bari-italy", "name": "Bari, Italy", "cable_id": "1739"}, "geometry": {"type": "Point", "coordinates": [16.866661, 41.12549]}}, {"type": "Feature", "properties": {"id": "bari-italy", "name": "Bari, Italy", "cable_id": "1296"}, "geometry": {"type": "Point", "coordinates": [16.866661, 41.12549]}}, {"type": "Feature", "properties": {"id": "bari-italy", "name": "Bari, Italy", "cable_id": "1383"}, "geometry": {"type": "Point", "coordinates": [16.866661, 41.12549]}}, {"type": "Feature", "properties": {"id": "doha-qatar", "name": "Doha, Qatar", "cable_id": "1346"}, "geometry": {"type": "Point", "coordinates": [51.519367, 25.294346]}}, {"type": "Feature", "properties": {"id": "al-khobar-saudi-arabia", "name": "Al Khobar, Saudi Arabia", "cable_id": "1346"}, "geometry": {"type": "Point", "coordinates": [50.214191, 26.286167]}}, {"type": "Feature", "properties": {"id": "puerto-plata-dominican-republic", "name": "Puerto Plata, Dominican Republic", "cable_id": "1361"}, "geometry": {"type": "Point", "coordinates": [-70.691232, 19.799341]}}, {"type": "Feature", "properties": {"id": "puerto-cortes-honduras", "name": "Puerto Cortes, Honduras", "cable_id": "1071"}, "geometry": {"type": "Point", "coordinates": [-87.94607, 15.844802]}}, {"type": "Feature", "properties": {"id": "dubai-united-arab-emirates", "name": "Dubai, United Arab Emirates", "cable_id": "1346"}, "geometry": {"type": "Point", "coordinates": [55.308427, 25.269346]}}, {"type": "Feature", "properties": {"id": "male-maldives", "name": "Male, Maldives", "cable_id": "1517"}, "geometry": {"type": "Point", "coordinates": [73.499923, 4.166267]}}, {"type": "Feature", "properties": {"id": "trivendrum-india", "name": "Trivendrum, India", "cable_id": "1517"}, "geometry": {"type": "Point", "coordinates": [76.970233, 8.79815]}}, {"type": "Feature", "properties": {"id": "unqui-costa-rica", "name": "Unqui, Costa Rica", "cable_id": "1072"}, "geometry": {"type": "Point", "coordinates": [-84.454275, 9.52586]}}, {"type": "Feature", "properties": {"id": "fujairah-united-arab-emirates", "name": "Fujairah, United Arab Emirates", "cable_id": "1516"}, "geometry": {"type": "Point", "coordinates": [56.33372, 25.12169]}}, {"type": "Feature", "properties": {"id": "sydney-australia", "name": "Sydney, Australia", "cable_id": "1733"}, "geometry": {"type": "Point", "coordinates": [151.20699, -33.869872]}}, {"type": "Feature", "properties": {"id": "sydney-australia", "name": "Sydney, Australia", "cable_id": "1514"}, "geometry": {"type": "Point", "coordinates": [151.20699, -33.869872]}}, {"type": "Feature", "properties": {"id": "noumea-new-caledonia", "name": "Noumea, New Caledonia", "cable_id": "1514"}, "geometry": {"type": "Point", "coordinates": [166.439209, -22.303324]}}, {"type": "Feature", "properties": {"id": "mombasa-kenya", "name": "Mombasa, Kenya", "cable_id": "1516"}, "geometry": {"type": "Point", "coordinates": [39.67279, -4.053211]}}, {"type": "Feature", "properties": {"id": "marseille-france", "name": "Marseille, France", "cable_id": "1512"}, "geometry": {"type": "Point", "coordinates": [5.372623, 43.293165]}}, {"type": "Feature", "properties": {"id": "sydney-australia", "name": "Sydney, Australia", "cable_id": "1520"}, "geometry": {"type": "Point", "coordinates": [151.20699, -33.869872]}}, {"type": "Feature", "properties": {"id": "piti-guam", "name": "Piti, Guam", "cable_id": "1520"}, "geometry": {"type": "Point", "coordinates": [144.694688, 13.464688]}}, {"type": "Feature", "properties": {"id": "asilah-morocco", "name": "Asilah, Morocco", "cable_id": "1666"}, "geometry": {"type": "Point", "coordinates": [-6.035757, 35.470781]}}, {"type": "Feature", "properties": {"id": "asilah-morocco", "name": "Asilah, Morocco", "cable_id": "1512"}, "geometry": {"type": "Point", "coordinates": [-6.035757, 35.470781]}}, {"type": "Feature", "properties": {"id": "ela-beach-papua-new-guinea", "name": "Ela Beach, Papua New Guinea", "cable_id": "1527"}, "geometry": {"type": "Point", "coordinates": [147.156406, -9.480235]}}, {"type": "Feature", "properties": {"id": "sydney-australia", "name": "Sydney, Australia", "cable_id": "1527"}, "geometry": {"type": "Point", "coordinates": [151.20699, -33.869872]}}, {"type": "Feature", "properties": {"id": "male-maldives", "name": "Male, Maldives", "cable_id": "1369"}, "geometry": {"type": "Point", "coordinates": [73.499923, 4.166267]}}, {"type": "Feature", "properties": {"id": "colombo-sri-lanka", "name": "Colombo, Sri Lanka", "cable_id": "1369"}, "geometry": {"type": "Point", "coordinates": [79.87199, 6.92674]}}, {"type": "Feature", "properties": {"id": "qingdao-china", "name": "Qingdao, China", "cable_id": "1513"}, "geometry": {"type": "Point", "coordinates": [120.342576, 36.087077]}}, {"type": "Feature", "properties": {"id": "chongming-china", "name": "Chongming, China", "cable_id": "1513"}, "geometry": {"type": "Point", "coordinates": [121.395212, 31.61988]}}, {"type": "Feature", "properties": {"id": "tanshui-taiwan", "name": "Tanshui, Taiwan", "cable_id": "1636"}, "geometry": {"type": "Point", "coordinates": [121.462595, 25.181357]}}, {"type": "Feature", "properties": {"id": "tanshui-taiwan", "name": "Tanshui, Taiwan", "cable_id": "1513"}, "geometry": {"type": "Point", "coordinates": [121.462595, 25.181357]}}, {"type": "Feature", "properties": {"id": "keoje-korea-rep-", "name": "Keoje, Korea, Rep.", "cable_id": "1513"}, "geometry": {"type": "Point", "coordinates": [128.620795, 34.880645]}}, {"type": "Feature", "properties": {"id": "nedonna-beach-oregon-united-states", "name": "Nedonna Beach, Oregon, United States", "cable_id": "1513"}, "geometry": {"type": "Point", "coordinates": [-123.940071, 45.643738]}}, {"type": "Feature", "properties": {"id": "siboney-cuba", "name": "Siboney, Cuba", "cable_id": "1529"}, "geometry": {"type": "Point", "coordinates": [-75.712372, 19.963635]}}, {"type": "Feature", "properties": {"id": "la-guaira-venezuela", "name": "La Guaira, Venezuela", "cable_id": "1529"}, "geometry": {"type": "Point", "coordinates": [-66.889622, 10.603154]}}, {"type": "Feature", "properties": {"id": "spanish-river-park-florida-united-states", "name": "Spanish River Park, Florida, United States", "cable_id": "1232"}, "geometry": {"type": "Point", "coordinates": [-80.067704, 26.378061]}}, {"type": "Feature", "properties": {"id": "crown-haven-bahamas", "name": "Crown Haven, Bahamas", "cable_id": "1232"}, "geometry": {"type": "Point", "coordinates": [-77.821954, 26.912509]}}, {"type": "Feature", "properties": {"id": "riding-point-bahamas", "name": "Riding Point, Bahamas", "cable_id": "1232"}, "geometry": {"type": "Point", "coordinates": [-78.245879, 26.616745]}}, {"type": "Feature", "properties": {"id": "oran-algeria", "name": "Oran, Algeria", "cable_id": "1366"}, "geometry": {"type": "Point", "coordinates": [-0.641961, 35.701641]}}, {"type": "Feature", "properties": {"id": "batam-indonesia", "name": "Batam, Indonesia", "cable_id": "1535"}, "geometry": {"type": "Point", "coordinates": [103.962506, 1.134726]}}, {"type": "Feature", "properties": {"id": "jakarta-indonesia", "name": "Jakarta, Indonesia", "cable_id": "1833"}, "geometry": {"type": "Point", "coordinates": [106.827836, -6.171887]}}, {"type": "Feature", "properties": {"id": "anyer-indonesia", "name": "Anyer, Indonesia", "cable_id": "1683"}, "geometry": {"type": "Point", "coordinates": [105.883916, -6.073694]}}, {"type": "Feature", "properties": {"id": "jakarta-indonesia", "name": "Jakarta, Indonesia", "cable_id": "1535"}, "geometry": {"type": "Point", "coordinates": [106.827836, -6.171887]}}, {"type": "Feature", "properties": {"id": "pentaskhinos-cyprus", "name": "Pentaskhinos, Cyprus", "cable_id": "1185"}, "geometry": {"type": "Point", "coordinates": [33.603555, 34.828484]}}, {"type": "Feature", "properties": {"id": "ishikari-japan", "name": "Ishikari, Japan", "cable_id": "1528"}, "geometry": {"type": "Point", "coordinates": [141.315393, 43.17118]}}, {"type": "Feature", "properties": {"id": "nevelsk-russia", "name": "Nevelsk, Russia", "cable_id": "1528"}, "geometry": {"type": "Point", "coordinates": [141.859143, 46.684448]}}, {"type": "Feature", "properties": {"id": "anchorage-alaska-united-states", "name": "Anchorage, Alaska, United States", "cable_id": "1530"}, "geometry": {"type": "Point", "coordinates": [-149.858369, 61.217461]}}, {"type": "Feature", "properties": {"id": "homer-alaska-united-states", "name": "Homer, Alaska, United States", "cable_id": "1693"}, "geometry": {"type": "Point", "coordinates": [-151.544306, 59.646368]}}, {"type": "Feature", "properties": {"id": "homer-alaska-united-states", "name": "Homer, Alaska, United States", "cable_id": "1530"}, "geometry": {"type": "Point", "coordinates": [-151.544306, 59.646368]}}, {"type": "Feature", "properties": {"id": "kenai-alaska-united-states", "name": "Kenai, Alaska, United States", "cable_id": "1530"}, "geometry": {"type": "Point", "coordinates": [-151.259785, 60.55291]}}, {"type": "Feature", "properties": {"id": "kodiak-alaska-united-states", "name": "Kodiak, Alaska, United States", "cable_id": "1530"}, "geometry": {"type": "Point", "coordinates": [-152.395282, 57.794135]}}, {"type": "Feature", "properties": {"id": "seward-alaska-united-states", "name": "Seward, Alaska, United States", "cable_id": "1530"}, "geometry": {"type": "Point", "coordinates": [-149.443135, 60.112188]}}, {"type": "Feature", "properties": {"id": "narrow-cape-alaska-united-states", "name": "Narrow Cape, Alaska, United States", "cable_id": "1530"}, "geometry": {"type": "Point", "coordinates": [-152.329169, 57.426838]}}, {"type": "Feature", "properties": {"id": "willemstad-curaao", "name": "Willemstad, Cura\u00e7ao", "cable_id": "1532"}, "geometry": {"type": "Point", "coordinates": [-68.896604, 12.095316]}}, {"type": "Feature", "properties": {"id": "nakhodka-russia", "name": "Nakhodka, Russia", "cable_id": "1518"}, "geometry": {"type": "Point", "coordinates": [132.874015, 42.812306]}}, {"type": "Feature", "properties": {"id": "naoetsu-japan", "name": "Naoetsu, Japan", "cable_id": "1518"}, "geometry": {"type": "Point", "coordinates": [138.242152, 37.169743]}}, {"type": "Feature", "properties": {"id": "dumpton-gap-united-kingdom", "name": "Dumpton Gap, United Kingdom", "cable_id": "1539"}, "geometry": {"type": "Point", "coordinates": [1.439337, 51.358579]}}, {"type": "Feature", "properties": {"id": "bredene-belgium", "name": "Bredene, Belgium", "cable_id": "1539"}, "geometry": {"type": "Point", "coordinates": [2.961882, 51.246384]}}, {"type": "Feature", "properties": {"id": "zeebrugge-belgium", "name": "Zeebrugge, Belgium", "cable_id": "1538"}, "geometry": {"type": "Point", "coordinates": [3.207, 51.330722]}}, {"type": "Feature", "properties": {"id": "zandvoort-netherlands", "name": "Zandvoort, Netherlands", "cable_id": "1538"}, "geometry": {"type": "Point", "coordinates": [4.527214, 52.370407]}}, {"type": "Feature", "properties": {"id": "sizewell-united-kingdom", "name": "Sizewell, United Kingdom", "cable_id": "1538"}, "geometry": {"type": "Point", "coordinates": [1.620294, 52.207126]}}, {"type": "Feature", "properties": {"id": "thorpeness-united-kingdom", "name": "Thorpeness, United Kingdom", "cable_id": "1538"}, "geometry": {"type": "Point", "coordinates": [1.613067, 52.180844]}}, {"type": "Feature", "properties": {"id": "kungsbacka-sweden", "name": "Kungsbacka, Sweden", "cable_id": "1760"}, "geometry": {"type": "Point", "coordinates": [12.076234, 57.487482]}}, {"type": "Feature", "properties": {"id": "kungsbacka-sweden", "name": "Kungsbacka, Sweden", "cable_id": "1218"}, "geometry": {"type": "Point", "coordinates": [12.076234, 57.487482]}}, {"type": "Feature", "properties": {"id": "helsingborg-sweden", "name": "Helsingborg, Sweden", "cable_id": "1731"}, "geometry": {"type": "Point", "coordinates": [12.695862, 56.043843]}}, {"type": "Feature", "properties": {"id": "helsingborg-sweden", "name": "Helsingborg, Sweden", "cable_id": "1259"}, "geometry": {"type": "Point", "coordinates": [12.695862, 56.043843]}}, {"type": "Feature", "properties": {"id": "helsingborg-sweden", "name": "Helsingborg, Sweden", "cable_id": "1544"}, "geometry": {"type": "Point", "coordinates": [12.695862, 56.043843]}}, {"type": "Feature", "properties": {"id": "saeby-denmark", "name": "Saeby, Denmark", "cable_id": "1760"}, "geometry": {"type": "Point", "coordinates": [10.516566, 57.330829]}}, {"type": "Feature", "properties": {"id": "saeby-denmark", "name": "Saeby, Denmark", "cable_id": "1218"}, "geometry": {"type": "Point", "coordinates": [10.516566, 57.330829]}}, {"type": "Feature", "properties": {"id": "helsingr-denmark", "name": "Helsing\u00f8r, Denmark", "cable_id": "1259"}, "geometry": {"type": "Point", "coordinates": [12.592151, 56.030439]}}, {"type": "Feature", "properties": {"id": "helsingr-denmark", "name": "Helsing\u00f8r, Denmark", "cable_id": "1731"}, "geometry": {"type": "Point", "coordinates": [12.592151, 56.030439]}}, {"type": "Feature", "properties": {"id": "helsingr-denmark", "name": "Helsing\u00f8r, Denmark", "cable_id": "1544"}, "geometry": {"type": "Point", "coordinates": [12.592151, 56.030439]}}, {"type": "Feature", "properties": {"id": "dragor-denmark", "name": "Dragor, Denmark", "cable_id": "1545"}, "geometry": {"type": "Point", "coordinates": [12.670179, 55.593538]}}, {"type": "Feature", "properties": {"id": "bunkeflostand-sweden", "name": "Bunkeflostand, Sweden", "cable_id": "1545"}, "geometry": {"type": "Point", "coordinates": [12.918714, 55.556807]}}, {"type": "Feature", "properties": {"id": "tuborg-denmark", "name": "Tuborg, Denmark", "cable_id": "1541"}, "geometry": {"type": "Point", "coordinates": [12.545569, 55.721956]}}, {"type": "Feature", "properties": {"id": "barsebck-sweden", "name": "Barseb\u00e4ck, Sweden", "cable_id": "1541"}, "geometry": {"type": "Point", "coordinates": [12.955432, 55.770381]}}, {"type": "Feature", "properties": {"id": "whitesands-bay-united-kingdom", "name": "Whitesands Bay, United Kingdom", "cable_id": "1547"}, "geometry": {"type": "Point", "coordinates": [-5.698453, 50.078514]}}, {"type": "Feature", "properties": {"id": "ballygrangans-ireland", "name": "Ballygrangans, Ireland", "cable_id": "1547"}, "geometry": {"type": "Point", "coordinates": [-6.558804, 52.184079]}}, {"type": "Feature", "properties": {"id": "ballinesker-ireland", "name": "Ballinesker, Ireland", "cable_id": "1547"}, "geometry": {"type": "Point", "coordinates": [-6.364859, 52.401462]}}, {"type": "Feature", "properties": {"id": "blackpool-united-kingdom", "name": "Blackpool, United Kingdom", "cable_id": "1911"}, "geometry": {"type": "Point", "coordinates": [-3.050749, 53.808663]}}, {"type": "Feature", "properties": {"id": "blackpool-united-kingdom", "name": "Blackpool, United Kingdom", "cable_id": "1753"}, "geometry": {"type": "Point", "coordinates": [-3.050749, 53.808663]}}, {"type": "Feature", "properties": {"id": "blackpool-united-kingdom", "name": "Blackpool, United Kingdom", "cable_id": "1616"}, "geometry": {"type": "Point", "coordinates": [-3.050749, 53.808663]}}, {"type": "Feature", "properties": {"id": "blackpool-united-kingdom", "name": "Blackpool, United Kingdom", "cable_id": "1092"}, "geometry": {"type": "Point", "coordinates": [-3.050749, 53.808663]}}, {"type": "Feature", "properties": {"id": "dublin-ireland", "name": "Dublin, Ireland", "cable_id": "1092"}, "geometry": {"type": "Point", "coordinates": [-6.248257, 53.348043]}}, {"type": "Feature", "properties": {"id": "barranquilla-colombia", "name": "Barranquilla, Colombia", "cable_id": "1083"}, "geometry": {"type": "Point", "coordinates": [-74.779755, 10.940459]}}, {"type": "Feature", "properties": {"id": "punta-carnero-ecuador", "name": "Punta Carnero, Ecuador", "cable_id": "1083"}, "geometry": {"type": "Point", "coordinates": [-80.914433, -2.272914]}}, {"type": "Feature", "properties": {"id": "paddington-australia", "name": "Paddington, Australia", "cable_id": "1526"}, "geometry": {"type": "Point", "coordinates": [151.22867, -33.882128]}}, {"type": "Feature", "properties": {"id": "keawaula-hawaii-united-states", "name": "Keawaula, Hawaii, United States", "cable_id": "1526"}, "geometry": {"type": "Point", "coordinates": [-158.151725, 21.425634]}}, {"type": "Feature", "properties": {"id": "mancora-peru", "name": "Mancora, Peru", "cable_id": "1083"}, "geometry": {"type": "Point", "coordinates": [-81.053788, -4.154041]}}, {"type": "Feature", "properties": {"id": "ponta-delgada-portugal", "name": "Ponta Delgada, Portugal", "cable_id": "1801"}, "geometry": {"type": "Point", "coordinates": [-25.668756, 37.739213]}}, {"type": "Feature", "properties": {"id": "ponta-delgada-portugal", "name": "Ponta Delgada, Portugal", "cable_id": "1800"}, "geometry": {"type": "Point", "coordinates": [-25.668756, 37.739213]}}, {"type": "Feature", "properties": {"id": "ponta-delgada-portugal", "name": "Ponta Delgada, Portugal", "cable_id": "1046"}, "geometry": {"type": "Point", "coordinates": [-25.668756, 37.739213]}}, {"type": "Feature", "properties": {"id": "cartagena-colombia", "name": "Cartagena, Colombia", "cable_id": "1554"}, "geometry": {"type": "Point", "coordinates": [-75.505683, 10.386699]}}, {"type": "Feature", "properties": {"id": "boca-raton-florida-united-states", "name": "Boca Raton, Florida, United States", "cable_id": "1554"}, "geometry": {"type": "Point", "coordinates": [-80.088945, 26.350327]}}, {"type": "Feature", "properties": {"id": "trapani-italy", "name": "Trapani, Italy", "cable_id": "1555"}, "geometry": {"type": "Point", "coordinates": [12.513636, 38.017948]}}, {"type": "Feature", "properties": {"id": "kelibia-tunisia", "name": "Kelibia, Tunisia", "cable_id": "1772"}, "geometry": {"type": "Point", "coordinates": [11.089906, 36.849308]}}, {"type": "Feature", "properties": {"id": "kelibia-tunisia", "name": "Kelibia, Tunisia", "cable_id": "1555"}, "geometry": {"type": "Point", "coordinates": [11.089906, 36.849308]}}, {"type": "Feature", "properties": {"id": "manasquan-new-jersey-united-states", "name": "Manasquan, New Jersey, United States", "cable_id": "1551"}, "geometry": {"type": "Point", "coordinates": [-74.047041, 40.123343]}}, {"type": "Feature", "properties": {"id": "st-davids-bermuda", "name": "St. David\u2019s, Bermuda", "cable_id": "1551"}, "geometry": {"type": "Point", "coordinates": [-64.769506, 32.312238]}}, {"type": "Feature", "properties": {"id": "mersing-malaysia", "name": "Mersing, Malaysia", "cable_id": "1507"}, "geometry": {"type": "Point", "coordinates": [103.849908, 2.295516]}}, {"type": "Feature", "properties": {"id": "changi-north-singapore", "name": "Changi North, Singapore", "cable_id": "1507"}, "geometry": {"type": "Point", "coordinates": [103.987017, 1.389047]}}, {"type": "Feature", "properties": {"id": "sri-racha-thailand", "name": "Sri Racha, Thailand", "cable_id": "1507"}, "geometry": {"type": "Point", "coordinates": [100.930574, 13.174369]}}, {"type": "Feature", "properties": {"id": "tungku-brunei", "name": "Tungku, Brunei", "cable_id": "1507"}, "geometry": {"type": "Point", "coordinates": [114.88584, 4.926374]}}, {"type": "Feature", "properties": {"id": "vung-tau-vietnam", "name": "Vung Tau, Vietnam", "cable_id": "1739"}, "geometry": {"type": "Point", "coordinates": [107.079203, 10.34185]}}, {"type": "Feature", "properties": {"id": "vung-tau-vietnam", "name": "Vung Tau, Vietnam", "cable_id": "1507"}, "geometry": {"type": "Point", "coordinates": [107.079203, 10.34185]}}, {"type": "Feature", "properties": {"id": "lantau-island-hong-kong-china", "name": "Lantau Island, Hong Kong, China", "cable_id": "1507"}, "geometry": {"type": "Point", "coordinates": [113.948341, 22.271496]}}, {"type": "Feature", "properties": {"id": "san-luis-obispo-california-united-states", "name": "San Luis Obispo, California, United States", "cable_id": "1507"}, "geometry": {"type": "Point", "coordinates": [-120.662729, 35.285015]}}, {"type": "Feature", "properties": {"id": "ballesteros-philippines", "name": "Ballesteros, Philippines", "cable_id": "1534"}, "geometry": {"type": "Point", "coordinates": [121.513962, 18.409412]}}, {"type": "Feature", "properties": {"id": "vung-tau-vietnam", "name": "Vung Tau, Vietnam", "cable_id": "1534"}, "geometry": {"type": "Point", "coordinates": [107.079203, 10.34185]}}, {"type": "Feature", "properties": {"id": "deep-water-bay-hong-kong-china", "name": "Deep Water Bay, Hong Kong, China", "cable_id": "1534"}, "geometry": {"type": "Point", "coordinates": [114.183985, 22.249437]}}, {"type": "Feature", "properties": {"id": "morant-point-jamaica", "name": "Morant Point, Jamaica", "cable_id": "1554"}, "geometry": {"type": "Point", "coordinates": [-76.184344, 17.91836]}}, {"type": "Feature", "properties": {"id": "keawaula-hawaii-united-states", "name": "Keawaula, Hawaii, United States", "cable_id": "1507"}, "geometry": {"type": "Point", "coordinates": [-158.151725, 21.425634]}}, {"type": "Feature", "properties": {"id": "tanguisson-point-guam", "name": "Tanguisson Point, Guam", "cable_id": "1507"}, "geometry": {"type": "Point", "coordinates": [144.809337, 13.5491]}}, {"type": "Feature", "properties": {"id": "port-moresby-papua-new-guinea", "name": "Port Moresby, Papua New Guinea", "cable_id": "1899"}, "geometry": {"type": "Point", "coordinates": [147.18851, -9.4796]}}, {"type": "Feature", "properties": {"id": "kikori-papua-new-guinea", "name": "Kikori, Papua New Guinea", "cable_id": "1899"}, "geometry": {"type": "Point", "coordinates": [144.240196, -7.413512]}}, {"type": "Feature", "properties": {"id": "port-moresby-papua-new-guinea", "name": "Port Moresby, Papua New Guinea", "cable_id": "1899"}, "geometry": {"type": "Point", "coordinates": [147.18851, -9.4796]}}, {"type": "Feature", "properties": {"id": "madang-papua-new-guinea", "name": "Madang, Papua New Guinea", "cable_id": "1899"}, "geometry": {"type": "Point", "coordinates": [145.784751, -5.233679]}}, {"type": "Feature", "properties": {"id": "jayapura-indonesia", "name": "Jayapura, Indonesia", "cable_id": "1899"}, "geometry": {"type": "Point", "coordinates": [140.669007, -2.591615]}}, {"type": "Feature", "properties": {"id": "vanimo-papua-new-guinea", "name": "Vanimo, Papua New Guinea", "cable_id": "1899"}, "geometry": {"type": "Point", "coordinates": [141.299841, -2.689686]}}, {"type": "Feature", "properties": {"id": "wewak-papua-new-guinea", "name": "Wewak, Papua New Guinea", "cable_id": "1899"}, "geometry": {"type": "Point", "coordinates": [143.658312, -3.580018]}}, {"type": "Feature", "properties": {"id": "lorengau-papua-new-guinea", "name": "Lorengau, Papua New Guinea", "cable_id": "1899"}, "geometry": {"type": "Point", "coordinates": [147.279038, -2.034975]}}, {"type": "Feature", "properties": {"id": "kavieng-papua-new-guinea", "name": "Kavieng, Papua New Guinea", "cable_id": "1899"}, "geometry": {"type": "Point", "coordinates": [150.808602, -2.578114]}}, {"type": "Feature", "properties": {"id": "kokopo-papua-new-guinea", "name": "Kokopo, Papua New Guinea", "cable_id": "1899"}, "geometry": {"type": "Point", "coordinates": [152.274616, -4.342347]}}, {"type": "Feature", "properties": {"id": "kimbe-papua-new-guinea", "name": "Kimbe, Papua New Guinea", "cable_id": "1899"}, "geometry": {"type": "Point", "coordinates": [150.138729, -5.55116]}}, {"type": "Feature", "properties": {"id": "arawa-papua-new-guinea", "name": "Arawa, Papua New Guinea", "cable_id": "1899"}, "geometry": {"type": "Point", "coordinates": [155.567803, -6.225622]}}, {"type": "Feature", "properties": {"id": "lae-papua-new-guinea", "name": "Lae, Papua New Guinea", "cable_id": "1899"}, "geometry": {"type": "Point", "coordinates": [146.992954, -6.742785]}}, {"type": "Feature", "properties": {"id": "popondetta-papua-new-guinea", "name": "Popondetta, Papua New Guinea", "cable_id": "1899"}, "geometry": {"type": "Point", "coordinates": [148.293466, -8.604478]}}, {"type": "Feature", "properties": {"id": "alotau-papua-new-guinea", "name": "Alotau, Papua New Guinea", "cable_id": "1899"}, "geometry": {"type": "Point", "coordinates": [150.458773, -10.315708]}}, {"type": "Feature", "properties": {"id": "kerema-papua-new-guinea", "name": "Kerema, Papua New Guinea", "cable_id": "1899"}, "geometry": {"type": "Point", "coordinates": [145.771739, -7.963732]}}, {"type": "Feature", "properties": {"id": "daru-papua-new-guinea", "name": "Daru, Papua New Guinea", "cable_id": "1899"}, "geometry": {"type": "Point", "coordinates": [143.209972, -9.078184]}}, {"type": "Feature", "properties": {"id": "madang-papua-new-guinea", "name": "Madang, Papua New Guinea", "cable_id": "1520"}, "geometry": {"type": "Point", "coordinates": [145.784922, -5.233679]}}, {"type": "Feature", "properties": {"id": "mumbai-india", "name": "Mumbai, India", "cable_id": "1552"}, "geometry": {"type": "Point", "coordinates": [72.875899, 19.075794]}}, {"type": "Feature", "properties": {"id": "djibouti-city-djibouti", "name": "Djibouti City, Djibouti", "cable_id": "1552"}, "geometry": {"type": "Point", "coordinates": [43.147984, 11.594682]}}, {"type": "Feature", "properties": {"id": "mtunzini-south-africa", "name": "Mtunzini, South Africa", "cable_id": "1552"}, "geometry": {"type": "Point", "coordinates": [31.757853, -28.950636]}}, {"type": "Feature", "properties": {"id": "maputo-mozambique", "name": "Maputo, Mozambique", "cable_id": "1552"}, "geometry": {"type": "Point", "coordinates": [32.580606, -25.968533]}}, {"type": "Feature", "properties": {"id": "dar-es-salaam-tanzania", "name": "Dar Es Salaam, Tanzania", "cable_id": "1552"}, "geometry": {"type": "Point", "coordinates": [39.269665, -6.823229]}}, {"type": "Feature", "properties": {"id": "mombasa-kenya", "name": "Mombasa, Kenya", "cable_id": "1552"}, "geometry": {"type": "Point", "coordinates": [39.67279, -4.053211]}}, {"type": "Feature", "properties": {"id": "mumbai-india", "name": "Mumbai, India", "cable_id": "1536"}, "geometry": {"type": "Point", "coordinates": [72.875899, 19.075794]}}, {"type": "Feature", "properties": {"id": "alexandria-egypt", "name": "Alexandria, Egypt", "cable_id": "1536"}, "geometry": {"type": "Point", "coordinates": [29.889787, 31.191889]}}, {"type": "Feature", "properties": {"id": "suez-egypt", "name": "Suez, Egypt", "cable_id": "1536"}, "geometry": {"type": "Point", "coordinates": [32.530118, 29.972285]}}, {"type": "Feature", "properties": {"id": "karachi-pakistan", "name": "Karachi, Pakistan", "cable_id": "1536"}, "geometry": {"type": "Point", "coordinates": [67.028539, 24.889378]}}, {"type": "Feature", "properties": {"id": "fujairah-united-arab-emirates", "name": "Fujairah, United Arab Emirates", "cable_id": "1536"}, "geometry": {"type": "Point", "coordinates": [56.33372, 25.12169]}}, {"type": "Feature", "properties": {"id": "catania-italy", "name": "Catania, Italy", "cable_id": "1536"}, "geometry": {"type": "Point", "coordinates": [15.067443, 37.511588]}}, {"type": "Feature", "properties": {"id": "tripoli-lebanon", "name": "Tripoli, Lebanon", "cable_id": "1536"}, "geometry": {"type": "Point", "coordinates": [35.85912, 34.439422]}}, {"type": "Feature", "properties": {"id": "marseille-france", "name": "Marseille, France", "cable_id": "1536"}, "geometry": {"type": "Point", "coordinates": [5.372623, 43.293165]}}, {"type": "Feature", "properties": {"id": "jeddah-saudi-arabia", "name": "Jeddah, Saudi Arabia", "cable_id": "1536"}, "geometry": {"type": "Point", "coordinates": [39.182751, 21.481262]}}, {"type": "Feature", "properties": {"id": "chikura-japan", "name": "Chikura, Japan", "cable_id": "1525"}, "geometry": {"type": "Point", "coordinates": [139.954652, 34.976653]}}, {"type": "Feature", "properties": {"id": "chaguaramas-trinidad-and-tobago", "name": "Chaguaramas, Trinidad and Tobago", "cable_id": "1290"}, "geometry": {"type": "Point", "coordinates": [-61.650806, 10.686162]}}, {"type": "Feature", "properties": {"id": "chaguaramas-trinidad-and-tobago", "name": "Chaguaramas, Trinidad and Tobago", "cable_id": "1532"}, "geometry": {"type": "Point", "coordinates": [-61.650806, 10.686162]}}, {"type": "Feature", "properties": {"id": "chabahar-iran", "name": "Chabahar, Iran", "cable_id": "1695"}, "geometry": {"type": "Point", "coordinates": [60.629616, 25.298228]}}, {"type": "Feature", "properties": {"id": "chabahar-iran", "name": "Chabahar, Iran", "cable_id": "1689"}, "geometry": {"type": "Point", "coordinates": [60.629616, 25.298228]}}, {"type": "Feature", "properties": {"id": "chabahar-iran", "name": "Chabahar, Iran", "cable_id": "1346"}, "geometry": {"type": "Point", "coordinates": [60.629616, 25.298228]}}, {"type": "Feature", "properties": {"id": "bandar-abbas-iran", "name": "Bandar Abbas, Iran", "cable_id": "1346"}, "geometry": {"type": "Point", "coordinates": [56.274345, 27.187167]}}, {"type": "Feature", "properties": {"id": "kawaihae-hawaii-united-states", "name": "Kawaihae, Hawaii, United States", "cable_id": "1456"}, "geometry": {"type": "Point", "coordinates": [-155.831413, 20.03999]}}, {"type": "Feature", "properties": {"id": "kawaihae-hawaii-united-states", "name": "Kawaihae, Hawaii, United States", "cable_id": "1455"}, "geometry": {"type": "Point", "coordinates": [-155.831413, 20.03999]}}, {"type": "Feature", "properties": {"id": "kawaihae-hawaii-united-states", "name": "Kawaihae, Hawaii, United States", "cable_id": "1556"}, "geometry": {"type": "Point", "coordinates": [-155.831413, 20.03999]}}, {"type": "Feature", "properties": {"id": "papenoo-french-polynesia", "name": "Papenoo, French Polynesia", "cable_id": "1556"}, "geometry": {"type": "Point", "coordinates": [-149.441084, -17.512336]}}, {"type": "Feature", "properties": {"id": "st-thomas-virgin-islands-u-s-", "name": "St. Thomas, Virgin Islands (U.S.)", "cable_id": "1073"}, "geometry": {"type": "Point", "coordinates": [-64.904418, 18.324513]}}, {"type": "Feature", "properties": {"id": "valdez-alaska-united-states", "name": "Valdez, Alaska, United States", "cable_id": "1166"}, "geometry": {"type": "Point", "coordinates": [-146.353342, 61.130352]}}, {"type": "Feature", "properties": {"id": "coleraine-united-kingdom", "name": "Coleraine, United Kingdom", "cable_id": "1080"}, "geometry": {"type": "Point", "coordinates": [-6.676187, 55.130733]}}, {"type": "Feature", "properties": {"id": "accra-ghana", "name": "Accra, Ghana", "cable_id": "1357"}, "geometry": {"type": "Point", "coordinates": [-0.201092, 5.558283]}}, {"type": "Feature", "properties": {"id": "moroni-comoros", "name": "Moroni, Comoros", "cable_id": "1915"}, "geometry": {"type": "Point", "coordinates": [43.243394, -11.700693]}}, {"type": "Feature", "properties": {"id": "moroni-comoros", "name": "Moroni, Comoros", "cable_id": "1872"}, "geometry": {"type": "Point", "coordinates": [43.243394, -11.700693]}}, {"type": "Feature", "properties": {"id": "moroni-comoros", "name": "Moroni, Comoros", "cable_id": "1246"}, "geometry": {"type": "Point", "coordinates": [43.243394, -11.700693]}}, {"type": "Feature", "properties": {"id": "maria-chiquita-panama", "name": "Maria Chiquita, Panama", "cable_id": "1078"}, "geometry": {"type": "Point", "coordinates": [-79.753544, 9.437334]}}, {"type": "Feature", "properties": {"id": "sventoji-lithuania", "name": "Sventoji, Lithuania", "cable_id": "1222"}, "geometry": {"type": "Point", "coordinates": [21.082382, 56.028291]}}, {"type": "Feature", "properties": {"id": "changi-north-singapore", "name": "Changi North, Singapore", "cable_id": "1534"}, "geometry": {"type": "Point", "coordinates": [103.987017, 1.389047]}}, {"type": "Feature", "properties": {"id": "marseille-france", "name": "Marseille, France", "cable_id": "1523"}, "geometry": {"type": "Point", "coordinates": [5.372623, 43.293165]}}, {"type": "Feature", "properties": {"id": "alexandria-egypt", "name": "Alexandria, Egypt", "cable_id": "1523"}, "geometry": {"type": "Point", "coordinates": [29.889787, 31.191889]}}, {"type": "Feature", "properties": {"id": "matthew-town-bahamas", "name": "Matthew Town, Bahamas", "cable_id": "1510"}, "geometry": {"type": "Point", "coordinates": [-73.683076, 20.950512]}}, {"type": "Feature", "properties": {"id": "port-au-prince-haiti", "name": "Port-au-Prince, Haiti", "cable_id": "1510"}, "geometry": {"type": "Point", "coordinates": [-72.343135, 18.542689]}}, {"type": "Feature", "properties": {"id": "redondo-beach-california-united-states", "name": "Redondo Beach, California, United States", "cable_id": "1525"}, "geometry": {"type": "Point", "coordinates": [-118.388023, 33.844476]}}, {"type": "Feature", "properties": {"id": "colombo-sri-lanka", "name": "Colombo, Sri Lanka", "cable_id": "1517"}, "geometry": {"type": "Point", "coordinates": [79.87199, 6.92674]}}, {"type": "Feature", "properties": {"id": "al-faw-iraq", "name": "Al-Faw, Iraq", "cable_id": "1346"}, "geometry": {"type": "Point", "coordinates": [48.53177, 29.923299]}}, {"type": "Feature", "properties": {"id": "zafarana-egypt", "name": "Zafarana, Egypt", "cable_id": "1559"}, "geometry": {"type": "Point", "coordinates": [32.649844, 29.116683]}}, {"type": "Feature", "properties": {"id": "zafarana-egypt", "name": "Zafarana, Egypt", "cable_id": "1739"}, "geometry": {"type": "Point", "coordinates": [32.649844, 29.116683]}}, {"type": "Feature", "properties": {"id": "zafarana-egypt", "name": "Zafarana, Egypt", "cable_id": "1552"}, "geometry": {"type": "Point", "coordinates": [32.649844, 29.116683]}}, {"type": "Feature", "properties": {"id": "bude-united-kingdom", "name": "Bude, United Kingdom", "cable_id": "1547"}, "geometry": {"type": "Point", "coordinates": [-4.544401, 50.82811]}}, {"type": "Feature", "properties": {"id": "tuas-singapore", "name": "Tuas, Singapore", "cable_id": "1035"}, "geometry": {"type": "Point", "coordinates": [103.647076, 1.338193]}}, {"type": "Feature", "properties": {"id": "ocho-rios-jamaica", "name": "Ocho Rios, Jamaica", "cable_id": "1529"}, "geometry": {"type": "Point", "coordinates": [-77.103192, 18.39856]}}, {"type": "Feature", "properties": {"id": "maruyama-japan", "name": "Maruyama, Japan", "cable_id": "1513"}, "geometry": {"type": "Point", "coordinates": [139.816956, 35.037517]}}, {"type": "Feature", "properties": {"id": "port-vila-vanuatu", "name": "Port Vila, Vanuatu", "cable_id": "1682"}, "geometry": {"type": "Point", "coordinates": [168.322802, -17.730329]}}, {"type": "Feature", "properties": {"id": "jacksonville-florida-united-states", "name": "Jacksonville, Florida, United States", "cable_id": "1727"}, "geometry": {"type": "Point", "coordinates": [-81.655741, 30.331758]}}, {"type": "Feature", "properties": {"id": "jacksonville-florida-united-states", "name": "Jacksonville, Florida, United States", "cable_id": "1686"}, "geometry": {"type": "Point", "coordinates": [-81.655741, 30.331758]}}, {"type": "Feature", "properties": {"id": "skalvik-sweden", "name": "Skalvik, Sweden", "cable_id": "1688"}, "geometry": {"type": "Point", "coordinates": [12.683265, 56.683186]}}, {"type": "Feature", "properties": {"id": "vestero-denmark", "name": "Vestero, Denmark", "cable_id": "1688"}, "geometry": {"type": "Point", "coordinates": [10.966957, 57.272248]}}, {"type": "Feature", "properties": {"id": "lyngsa-denmark", "name": "Lyngsa, Denmark", "cable_id": "1688"}, "geometry": {"type": "Point", "coordinates": [10.514613, 57.244807]}}, {"type": "Feature", "properties": {"id": "deeside-clwyd-united-kingdom", "name": "Deeside Clwyd, United Kingdom", "cable_id": "1685"}, "geometry": {"type": "Point", "coordinates": [-3.027556, 53.20173]}}, {"type": "Feature", "properties": {"id": "clonshaugh-ireland", "name": "Clonshaugh, Ireland", "cable_id": "1684"}, "geometry": {"type": "Point", "coordinates": [-6.197915, 53.410055]}}, {"type": "Feature", "properties": {"id": "glen-lyon-united-kingdom", "name": "Glen Lyon, United Kingdom", "cable_id": "1576"}, "geometry": {"type": "Point", "coordinates": [-4.333414, 60.333074]}}, {"type": "Feature", "properties": {"id": "jeddah-saudi-arabia", "name": "Jeddah, Saudi Arabia", "cable_id": "1558"}, "geometry": {"type": "Point", "coordinates": [39.182751, 21.481262]}}, {"type": "Feature", "properties": {"id": "zafarana-egypt", "name": "Zafarana, Egypt", "cable_id": "1558"}, "geometry": {"type": "Point", "coordinates": [32.649844, 29.116683]}}, {"type": "Feature", "properties": {"id": "abu-talat-egypt", "name": "Abu Talat, Egypt", "cable_id": "1559"}, "geometry": {"type": "Point", "coordinates": [29.702482, 31.071845]}}, {"type": "Feature", "properties": {"id": "abu-talat-egypt", "name": "Abu Talat, Egypt", "cable_id": "1739"}, "geometry": {"type": "Point", "coordinates": [29.702482, 31.071845]}}, {"type": "Feature", "properties": {"id": "abu-talat-egypt", "name": "Abu Talat, Egypt", "cable_id": "1558"}, "geometry": {"type": "Point", "coordinates": [29.702482, 31.071845]}}, {"type": "Feature", "properties": {"id": "mazara-del-vallo-italy", "name": "Mazara del Vallo, Italy", "cable_id": "1558"}, "geometry": {"type": "Point", "coordinates": [12.591272, 37.650126]}}, {"type": "Feature", "properties": {"id": "poti-georgia", "name": "Poti, Georgia", "cable_id": "1563"}, "geometry": {"type": "Point", "coordinates": [41.667614, 42.150771]}}, {"type": "Feature", "properties": {"id": "balchik-bulgaria", "name": "Balchik, Bulgaria", "cable_id": "1563"}, "geometry": {"type": "Point", "coordinates": [28.167449, 43.414344]}}, {"type": "Feature", "properties": {"id": "batam-indonesia", "name": "Batam, Indonesia", "cable_id": "1561"}, "geometry": {"type": "Point", "coordinates": [103.962506, 1.134726]}}, {"type": "Feature", "properties": {"id": "marseille-france", "name": "Marseille, France", "cable_id": "1573"}, "geometry": {"type": "Point", "coordinates": [5.372623, 43.293165]}}, {"type": "Feature", "properties": {"id": "homer-alaska-united-states", "name": "Homer, Alaska, United States", "cable_id": "1571"}, "geometry": {"type": "Point", "coordinates": [-151.544306, 59.646368]}}, {"type": "Feature", "properties": {"id": "florence-oregon-united-states", "name": "Florence, Oregon, United States", "cable_id": "1571"}, "geometry": {"type": "Point", "coordinates": [-124.099837, 43.98213]}}, {"type": "Feature", "properties": {"id": "anchorage-alaska-united-states", "name": "Anchorage, Alaska, United States", "cable_id": "1571"}, "geometry": {"type": "Point", "coordinates": [-149.858369, 61.217461]}}, {"type": "Feature", "properties": {"id": "nikiski-alaska-united-states", "name": "Nikiski, Alaska, United States", "cable_id": "1571"}, "geometry": {"type": "Point", "coordinates": [-151.291718, 60.689824]}}, {"type": "Feature", "properties": {"id": "nuuk-greenland", "name": "Nuuk, Greenland", "cable_id": "1897"}, "geometry": {"type": "Point", "coordinates": [-51.729962, 64.181131]}}, {"type": "Feature", "properties": {"id": "nuuk-greenland", "name": "Nuuk, Greenland", "cable_id": "1569"}, "geometry": {"type": "Point", "coordinates": [-51.729962, 64.181131]}}, {"type": "Feature", "properties": {"id": "qaqortoq-greenland", "name": "Qaqortoq, Greenland", "cable_id": "1569"}, "geometry": {"type": "Point", "coordinates": [-46.035396, 60.718938]}}, {"type": "Feature", "properties": {"id": "landeyjar-iceland", "name": "Landeyjar, Iceland", "cable_id": "1569"}, "geometry": {"type": "Point", "coordinates": [-20.142294, 63.642167]}}, {"type": "Feature", "properties": {"id": "landeyjasandur-iceland", "name": "Landeyjasandur, Iceland", "cable_id": "1568"}, "geometry": {"type": "Point", "coordinates": [-20.666756, 63.733072]}}, {"type": "Feature", "properties": {"id": "blaabjerg-denmark", "name": "Blaabjerg, Denmark", "cable_id": "1568"}, "geometry": {"type": "Point", "coordinates": [8.32897, 55.751533]}}, {"type": "Feature", "properties": {"id": "wrangell-alaska-united-states", "name": "Wrangell, Alaska, United States", "cable_id": "1567"}, "geometry": {"type": "Point", "coordinates": [-132.383817, 56.470796]}}, {"type": "Feature", "properties": {"id": "petersburg-alaska-united-states", "name": "Petersburg, Alaska, United States", "cable_id": "1567"}, "geometry": {"type": "Point", "coordinates": [-132.970047, 56.807612]}}, {"type": "Feature", "properties": {"id": "hawk-inlet-alaska-united-states", "name": "Hawk Inlet, Alaska, United States", "cable_id": "1567"}, "geometry": {"type": "Point", "coordinates": [-134.741824, 58.128107]}}, {"type": "Feature", "properties": {"id": "angoon-alaska-united-states", "name": "Angoon, Alaska, United States", "cable_id": "1567"}, "geometry": {"type": "Point", "coordinates": [-134.582254, 57.501838]}}, {"type": "Feature", "properties": {"id": "sitka-alaska-united-states", "name": "Sitka, Alaska, United States", "cable_id": "1567"}, "geometry": {"type": "Point", "coordinates": [-135.334402, 57.052912]}}, {"type": "Feature", "properties": {"id": "mazara-del-vallo-italy", "name": "Mazara del Vallo, Italy", "cable_id": "1581"}, "geometry": {"type": "Point", "coordinates": [12.591272, 37.650126]}}, {"type": "Feature", "properties": {"id": "st-pauls-bay-malta", "name": "St. Paul's Bay, Malta", "cable_id": "1581"}, "geometry": {"type": "Point", "coordinates": [14.415588, 35.950505]}}, {"type": "Feature", "properties": {"id": "banff-united-kingdom", "name": "Banff, United Kingdom", "cable_id": "1576"}, "geometry": {"type": "Point", "coordinates": [-2.52365, 57.666864]}}, {"type": "Feature", "properties": {"id": "torshavn-faeroe-islands", "name": "Torshavn, Faeroe Islands", "cable_id": "1576"}, "geometry": {"type": "Point", "coordinates": [-6.771841, 62.017461]}}, {"type": "Feature", "properties": {"id": "ayre-of-cara-united-kingdom", "name": "Ayre of Cara, United Kingdom", "cable_id": "1576"}, "geometry": {"type": "Point", "coordinates": [-2.900114, 58.83327]}}, {"type": "Feature", "properties": {"id": "sandwick-united-kingdom", "name": "Sandwick, United Kingdom", "cable_id": "1576"}, "geometry": {"type": "Point", "coordinates": [-1.238689, 59.995977]}}, {"type": "Feature", "properties": {"id": "maywick-united-kingdom", "name": "Maywick, United Kingdom", "cable_id": "1576"}, "geometry": {"type": "Point", "coordinates": [-1.323797, 60.003985]}}, {"type": "Feature", "properties": {"id": "ajigaura-japan", "name": "Ajigaura, Japan", "cable_id": "1592"}, "geometry": {"type": "Point", "coordinates": [140.612268, 36.383562]}}, {"type": "Feature", "properties": {"id": "shima-japan", "name": "Shima, Japan", "cable_id": "1592"}, "geometry": {"type": "Point", "coordinates": [136.87438, 34.336834]}}, {"type": "Feature", "properties": {"id": "cavite-philippines", "name": "Cavite, Philippines", "cable_id": "1592"}, "geometry": {"type": "Point", "coordinates": [120.820115, 14.28627]}}, {"type": "Feature", "properties": {"id": "pa-li-taiwan", "name": "Pa Li, Taiwan", "cable_id": "1592"}, "geometry": {"type": "Point", "coordinates": [121.3832, 25.149985]}}, {"type": "Feature", "properties": {"id": "shindu-ri-korea-rep-", "name": "Shindu-Ri, Korea, Rep.", "cable_id": "1592"}, "geometry": {"type": "Point", "coordinates": [126.391597, 36.576249]}}, {"type": "Feature", "properties": {"id": "tseung-kwan-o-hong-kong-china", "name": "Tseung Kwan O, Hong Kong, China", "cable_id": "1902"}, "geometry": {"type": "Point", "coordinates": [114.258692, 22.318297]}}, {"type": "Feature", "properties": {"id": "tseung-kwan-o-hong-kong-china", "name": "Tseung Kwan O, Hong Kong, China", "cable_id": "1617"}, "geometry": {"type": "Point", "coordinates": [114.258692, 22.318297]}}, {"type": "Feature", "properties": {"id": "tseung-kwan-o-hong-kong-china", "name": "Tseung Kwan O, Hong Kong, China", "cable_id": "1679"}, "geometry": {"type": "Point", "coordinates": [114.258692, 22.318297]}}, {"type": "Feature", "properties": {"id": "tseung-kwan-o-hong-kong-china", "name": "Tseung Kwan O, Hong Kong, China", "cable_id": "1592"}, "geometry": {"type": "Point", "coordinates": [114.258692, 22.318297]}}, {"type": "Feature", "properties": {"id": "qingdao-china", "name": "Qingdao, China", "cable_id": "1592"}, "geometry": {"type": "Point", "coordinates": [120.342576, 36.087077]}}, {"type": "Feature", "properties": {"id": "chikura-japan", "name": "Chikura, Japan", "cable_id": "1592"}, "geometry": {"type": "Point", "coordinates": [139.954652, 34.976653]}}, {"type": "Feature", "properties": {"id": "tanshui-taiwan", "name": "Tanshui, Taiwan", "cable_id": "1592"}, "geometry": {"type": "Point", "coordinates": [121.462595, 25.181357]}}, {"type": "Feature", "properties": {"id": "fangshan-taiwan", "name": "Fangshan, Taiwan", "cable_id": "1592"}, "geometry": {"type": "Point", "coordinates": [120.662107, 22.249254]}}, {"type": "Feature", "properties": {"id": "batangas-philippines", "name": "Batangas, Philippines", "cable_id": "1592"}, "geometry": {"type": "Point", "coordinates": [121.064939, 13.765555]}}, {"type": "Feature", "properties": {"id": "shanghai-china", "name": "Shanghai, China", "cable_id": "1592"}, "geometry": {"type": "Point", "coordinates": [121.472458, 31.247504]}}, {"type": "Feature", "properties": {"id": "chung-hom-kok-hong-kong-china", "name": "Chung Hom Kok, Hong Kong, China", "cable_id": "1592"}, "geometry": {"type": "Point", "coordinates": [114.203028, 22.222045]}}, {"type": "Feature", "properties": {"id": "changi-south-singapore", "name": "Changi South, Singapore", "cable_id": "1592"}, "geometry": {"type": "Point", "coordinates": [103.987017, 1.389047]}}, {"type": "Feature", "properties": {"id": "changi-north-singapore", "name": "Changi North, Singapore", "cable_id": "1592"}, "geometry": {"type": "Point", "coordinates": [103.987017, 1.389047]}}, {"type": "Feature", "properties": {"id": "pusan-korea-rep-", "name": "Pusan, Korea, Rep.", "cable_id": "1592"}, "geometry": {"type": "Point", "coordinates": [128.99931, 35.170147]}}, {"type": "Feature", "properties": {"id": "changi-north-singapore", "name": "Changi North, Singapore", "cable_id": "1597"}, "geometry": {"type": "Point", "coordinates": [103.987017, 1.389047]}}, {"type": "Feature", "properties": {"id": "barka-oman", "name": "Barka, Oman", "cable_id": "1735"}, "geometry": {"type": "Point", "coordinates": [58.004324, 23.679429]}}, {"type": "Feature", "properties": {"id": "barka-oman", "name": "Barka, Oman", "cable_id": "1695"}, "geometry": {"type": "Point", "coordinates": [58.004324, 23.679429]}}, {"type": "Feature", "properties": {"id": "barka-oman", "name": "Barka, Oman", "cable_id": "1689"}, "geometry": {"type": "Point", "coordinates": [58.004324, 23.679429]}}, {"type": "Feature", "properties": {"id": "barka-oman", "name": "Barka, Oman", "cable_id": "1580"}, "geometry": {"type": "Point", "coordinates": [58.004324, 23.679429]}}, {"type": "Feature", "properties": {"id": "monaco-monaco", "name": "Monaco, Monaco", "cable_id": "1580"}, "geometry": {"type": "Point", "coordinates": [7.417642, 43.732618]}}, {"type": "Feature", "properties": {"id": "jeddah-saudi-arabia", "name": "Jeddah, Saudi Arabia", "cable_id": "1580"}, "geometry": {"type": "Point", "coordinates": [39.182751, 21.481262]}}, {"type": "Feature", "properties": {"id": "mumbai-india", "name": "Mumbai, India", "cable_id": "1580"}, "geometry": {"type": "Point", "coordinates": [72.875899, 19.075794]}}, {"type": "Feature", "properties": {"id": "tripoli-libya", "name": "Tripoli, Libya", "cable_id": "1580"}, "geometry": {"type": "Point", "coordinates": [13.187268, 32.877301]}}, {"type": "Feature", "properties": {"id": "djibouti-city-djibouti", "name": "Djibouti City, Djibouti", "cable_id": "1580"}, "geometry": {"type": "Point", "coordinates": [43.147984, 11.594682]}}, {"type": "Feature", "properties": {"id": "bude-united-kingdom", "name": "Bude, United Kingdom", "cable_id": "1580"}, "geometry": {"type": "Point", "coordinates": [-4.544401, 50.82811]}}, {"type": "Feature", "properties": {"id": "gibraltar-gibraltar", "name": "Gibraltar, Gibraltar", "cable_id": "1580"}, "geometry": {"type": "Point", "coordinates": [-5.347672, 36.155937]}}, {"type": "Feature", "properties": {"id": "al-seeb-oman", "name": "Al Seeb, Oman", "cable_id": "1558"}, "geometry": {"type": "Point", "coordinates": [58.176102, 23.684703]}}, {"type": "Feature", "properties": {"id": "fujairah-united-arab-emirates", "name": "Fujairah, United Arab Emirates", "cable_id": "1580"}, "geometry": {"type": "Point", "coordinates": [56.33372, 25.12169]}}, {"type": "Feature", "properties": {"id": "sesimbra-portugal", "name": "Sesimbra, Portugal", "cable_id": "1580"}, "geometry": {"type": "Point", "coordinates": [-9.102748, 38.442691]}}, {"type": "Feature", "properties": {"id": "batam-indonesia", "name": "Batam, Indonesia", "cable_id": "1601"}, "geometry": {"type": "Point", "coordinates": [103.962506, 1.134726]}}, {"type": "Feature", "properties": {"id": "rengit-malaysia", "name": "Rengit, Malaysia", "cable_id": "1601"}, "geometry": {"type": "Point", "coordinates": [103.147662, 1.677133]}}, {"type": "Feature", "properties": {"id": "bahar-ic-caghaq-malta", "name": "Bahar ic-Caghaq, Malta", "cable_id": "1602"}, "geometry": {"type": "Point", "coordinates": [14.458752, 35.934062]}}, {"type": "Feature", "properties": {"id": "pozzallo-italy", "name": "Pozzallo, Italy", "cable_id": "1602"}, "geometry": {"type": "Point", "coordinates": [14.853869, 36.73372]}}, {"type": "Feature", "properties": {"id": "charlestown-rhode-island-united-states", "name": "Charlestown, Rhode Island, United States", "cable_id": "1596"}, "geometry": {"type": "Point", "coordinates": [-71.64587, 41.411904]}}, {"type": "Feature", "properties": {"id": "paget-bermuda", "name": "Paget, Bermuda", "cable_id": "1596"}, "geometry": {"type": "Point", "coordinates": [-64.788696, 32.280536]}}, {"type": "Feature", "properties": {"id": "keawaula-hawaii-united-states", "name": "Keawaula, Hawaii, United States", "cable_id": "1600"}, "geometry": {"type": "Point", "coordinates": [-158.151725, 21.425634]}}, {"type": "Feature", "properties": {"id": "chaguaramas-trinidad-and-tobago", "name": "Chaguaramas, Trinidad and Tobago", "cable_id": "1612"}, "geometry": {"type": "Point", "coordinates": [-61.650806, 10.686162]}}, {"type": "Feature", "properties": {"id": "georgetown-guyana", "name": "Georgetown, Guyana", "cable_id": "1913"}, "geometry": {"type": "Point", "coordinates": [-58.15491, 6.804108]}}, {"type": "Feature", "properties": {"id": "georgetown-guyana", "name": "Georgetown, Guyana", "cable_id": "1612"}, "geometry": {"type": "Point", "coordinates": [-58.15491, 6.804108]}}, {"type": "Feature", "properties": {"id": "totness-suriname", "name": "Totness, Suriname", "cable_id": "1612"}, "geometry": {"type": "Point", "coordinates": [-56.37537, 5.886628]}}, {"type": "Feature", "properties": {"id": "san-juan-puerto-rico-united-states", "name": "San Juan, Puerto Rico, United States", "cable_id": "1829"}, "geometry": {"type": "Point", "coordinates": [-66.106664, 18.465833]}}, {"type": "Feature", "properties": {"id": "jarry-guadeloupe", "name": "Jarry, Guadeloupe", "cable_id": "1829"}, "geometry": {"type": "Point", "coordinates": [-61.554859, 16.243007]}}, {"type": "Feature", "properties": {"id": "baillif-guadeloupe", "name": "Baillif, Guadeloupe", "cable_id": "1619"}, "geometry": {"type": "Point", "coordinates": [-61.713941, 16.028945]}}, {"type": "Feature", "properties": {"id": "baillif-guadeloupe", "name": "Baillif, Guadeloupe", "cable_id": "1829"}, "geometry": {"type": "Point", "coordinates": [-61.713941, 16.028945]}}, {"type": "Feature", "properties": {"id": "saint-martin-guadeloupe", "name": "Saint Martin, Guadeloupe", "cable_id": "1829"}, "geometry": {"type": "Point", "coordinates": [-63.050073, 18.092787]}}, {"type": "Feature", "properties": {"id": "saint-barthelemy-guadeloupe", "name": "Saint Barthelemy, Guadeloupe", "cable_id": "1829"}, "geometry": {"type": "Point", "coordinates": [-62.833374, 17.900062]}}, {"type": "Feature", "properties": {"id": "needhams-point-barbados", "name": "Needham\u2019s Point, Barbados", "cable_id": "1619"}, "geometry": {"type": "Point", "coordinates": [-59.612722, 13.078788]}}, {"type": "Feature", "properties": {"id": "st-croix-virgin-islands-united-states", "name": "St. Croix, Virgin Islands, United States", "cable_id": "1619"}, "geometry": {"type": "Point", "coordinates": [-64.819408, 17.771864]}}, {"type": "Feature", "properties": {"id": "basseterre-saint-kitts-and-nevis", "name": "Basseterre, Saint Kitts and Nevis", "cable_id": "1807"}, "geometry": {"type": "Point", "coordinates": [-62.731226, 17.298451]}}, {"type": "Feature", "properties": {"id": "basseterre-saint-kitts-and-nevis", "name": "Basseterre, Saint Kitts and Nevis", "cable_id": "1290"}, "geometry": {"type": "Point", "coordinates": [-62.731226, 17.298451]}}, {"type": "Feature", "properties": {"id": "basseterre-saint-kitts-and-nevis", "name": "Basseterre, Saint Kitts and Nevis", "cable_id": "1619"}, "geometry": {"type": "Point", "coordinates": [-62.731226, 17.298451]}}, {"type": "Feature", "properties": {"id": "rodney-bay-saint-lucia", "name": "Rodney Bay, Saint Lucia", "cable_id": "1619"}, "geometry": {"type": "Point", "coordinates": [-60.988551, 14.035623]}}, {"type": "Feature", "properties": {"id": "kingstown-saint-vincent-and-the-grenadines", "name": "Kingstown, Saint Vincent and the Grenadines", "cable_id": "1290"}, "geometry": {"type": "Point", "coordinates": [-61.254664, 13.18787]}}, {"type": "Feature", "properties": {"id": "kingstown-saint-vincent-and-the-grenadines", "name": "Kingstown, Saint Vincent and the Grenadines", "cable_id": "1619"}, "geometry": {"type": "Point", "coordinates": [-61.254664, 13.18787]}}, {"type": "Feature", "properties": {"id": "st-georges-grenada", "name": "St. George's, Grenada", "cable_id": "1290"}, "geometry": {"type": "Point", "coordinates": [-61.711597, 12.188016]}}, {"type": "Feature", "properties": {"id": "st-georges-grenada", "name": "St. George\u2019s, Grenada", "cable_id": "1619"}, "geometry": {"type": "Point", "coordinates": [-61.711597, 12.188016]}}, {"type": "Feature", "properties": {"id": "chaguaramas-trinidad-and-tobago", "name": "Chaguaramas, Trinidad and Tobago", "cable_id": "1619"}, "geometry": {"type": "Point", "coordinates": [-61.650806, 10.686162]}}, {"type": "Feature", "properties": {"id": "st-johns-antigua-and-barbuda", "name": "St. John\u2019s, Antigua and Barbuda", "cable_id": "1290"}, "geometry": {"type": "Point", "coordinates": [-61.857935, 17.051479]}}, {"type": "Feature", "properties": {"id": "st-johns-antigua-and-barbuda", "name": "St. John\u2019s, Antigua and Barbuda", "cable_id": "1619"}, "geometry": {"type": "Point", "coordinates": [-61.857935, 17.051479]}}, {"type": "Feature", "properties": {"id": "le-lamentin-martinique", "name": "Le Lamentin, Martinique", "cable_id": "1619"}, "geometry": {"type": "Point", "coordinates": [-61.094264, 14.615542]}}, {"type": "Feature", "properties": {"id": "canefield-dominica", "name": "Canefield, Dominica", "cable_id": "1619"}, "geometry": {"type": "Point", "coordinates": [-61.38484, 15.303335]}}, {"type": "Feature", "properties": {"id": "seixal-portugal", "name": "Seixal, Portugal", "cable_id": "1173"}, "geometry": {"type": "Point", "coordinates": [-9.107387, 38.642276]}}, {"type": "Feature", "properties": {"id": "seixal-portugal", "name": "Seixal, Portugal", "cable_id": "1565"}, "geometry": {"type": "Point", "coordinates": [-9.107387, 38.642276]}}, {"type": "Feature", "properties": {"id": "accra-ghana", "name": "Accra, Ghana", "cable_id": "1565"}, "geometry": {"type": "Point", "coordinates": [-0.201092, 5.558283]}}, {"type": "Feature", "properties": {"id": "majuro-republic-of-marshall-islands", "name": "Majuro, Republic of Marshall Islands", "cable_id": "1605"}, "geometry": {"type": "Point", "coordinates": [171.185691, 7.116242]}}, {"type": "Feature", "properties": {"id": "kwajalein-republic-of-marshall-islands", "name": "Kwajalein, Republic of Marshall Islands", "cable_id": "1605"}, "geometry": {"type": "Point", "coordinates": [167.424365, 9.189776]}}, {"type": "Feature", "properties": {"id": "pohnpei-federated-states-of-micronesia", "name": "Pohnpei, Federated States of Micronesia", "cable_id": "1908"}, "geometry": {"type": "Point", "coordinates": [159.070267, 7.786407]}}, {"type": "Feature", "properties": {"id": "pohnpei-federated-states-of-micronesia", "name": "Pohnpei, Federated States of Micronesia", "cable_id": "1605"}, "geometry": {"type": "Point", "coordinates": [159.070267, 7.786407]}}, {"type": "Feature", "properties": {"id": "lagos-nigeria", "name": "Lagos, Nigeria", "cable_id": "1565"}, "geometry": {"type": "Point", "coordinates": [3.42321, 6.438874]}}, {"type": "Feature", "properties": {"id": "apia-samoa", "name": "Apia, Samoa", "cable_id": "1855"}, "geometry": {"type": "Point", "coordinates": [-171.766684, -13.833675]}}, {"type": "Feature", "properties": {"id": "apia-samoa", "name": "Apia, Samoa", "cable_id": "1620"}, "geometry": {"type": "Point", "coordinates": [-171.766684, -13.833675]}}, {"type": "Feature", "properties": {"id": "pago-pago-american-samoa", "name": "Pago Pago, American Samoa", "cable_id": "1733"}, "geometry": {"type": "Point", "coordinates": [-170.695713, -14.276546]}}, {"type": "Feature", "properties": {"id": "pago-pago-american-samoa", "name": "Pago Pago, American Samoa", "cable_id": "1620"}, "geometry": {"type": "Point", "coordinates": [-170.695713, -14.276546]}}, {"type": "Feature", "properties": {"id": "sungai-kakap-indonesia", "name": "Sungai Kakap, Indonesia", "cable_id": "1597"}, "geometry": {"type": "Point", "coordinates": [109.183206, -0.067056]}}, {"type": "Feature", "properties": {"id": "tanjung-pakis-indonesia", "name": "Tanjung Pakis, Indonesia", "cable_id": "1597"}, "geometry": {"type": "Point", "coordinates": [107.120903, -5.981457]}}, {"type": "Feature", "properties": {"id": "tanjung-bemban-indonesia", "name": "Tanjung Bemban, Indonesia", "cable_id": "1597"}, "geometry": {"type": "Point", "coordinates": [104.133111, 1.173202]}}, {"type": "Feature", "properties": {"id": "kelibia-tunisia", "name": "Kelibia, Tunisia", "cable_id": "1621"}, "geometry": {"type": "Point", "coordinates": [11.089906, 36.849308]}}, {"type": "Feature", "properties": {"id": "mazara-del-vallo-italy", "name": "Mazara del Vallo, Italy", "cable_id": "1621"}, "geometry": {"type": "Point", "coordinates": [12.591272, 37.650126]}}, {"type": "Feature", "properties": {"id": "pago-pago-american-samoa", "name": "Pago Pago, American Samoa", "cable_id": "1600"}, "geometry": {"type": "Point", "coordinates": [-170.695713, -14.276546]}}, {"type": "Feature", "properties": {"id": "sventoji-lithuania", "name": "Sventoji, Lithuania", "cable_id": "1611"}, "geometry": {"type": "Point", "coordinates": [21.082382, 56.028291]}}, {"type": "Feature", "properties": {"id": "liepaja-latvia", "name": "Liepaja, Latvia", "cable_id": "1611"}, "geometry": {"type": "Point", "coordinates": [21.011288, 56.508186]}}, {"type": "Feature", "properties": {"id": "kotka-finland", "name": "Kotka, Finland", "cable_id": "1710"}, "geometry": {"type": "Point", "coordinates": [26.883563, 60.501043]}}, {"type": "Feature", "properties": {"id": "kotka-finland", "name": "Kotka, Finland", "cable_id": "1610"}, "geometry": {"type": "Point", "coordinates": [26.883563, 60.501043]}}, {"type": "Feature", "properties": {"id": "helsingfors-finland", "name": "Helsingfors, Finland", "cable_id": "1610"}, "geometry": {"type": "Point", "coordinates": [24.93249, 60.171075]}}, {"type": "Feature", "properties": {"id": "stavsnas-sweden", "name": "Stavsnas, Sweden", "cable_id": "1609"}, "geometry": {"type": "Point", "coordinates": [18.764609, 59.822723]}}, {"type": "Feature", "properties": {"id": "mariehamn-finland", "name": "Mariehamn, Finland", "cable_id": "1208"}, "geometry": {"type": "Point", "coordinates": [19.937851, 60.113836]}}, {"type": "Feature", "properties": {"id": "mariehamn-finland", "name": "Mariehamn, Finland", "cable_id": "1609"}, "geometry": {"type": "Point", "coordinates": [19.937851, 60.113836]}}, {"type": "Feature", "properties": {"id": "haradsholm-finland", "name": "Haradsholm, Finland", "cable_id": "1609"}, "geometry": {"type": "Point", "coordinates": [22.302108, 60.30097]}}, {"type": "Feature", "properties": {"id": "hanko-finland", "name": "Hanko, Finland", "cable_id": "1609"}, "geometry": {"type": "Point", "coordinates": [22.968221, 59.823211]}}, {"type": "Feature", "properties": {"id": "helsingfors-finland", "name": "Helsingfors, Finland", "cable_id": "1609"}, "geometry": {"type": "Point", "coordinates": [24.93249, 60.171075]}}, {"type": "Feature", "properties": {"id": "helsinki-finland", "name": "Helsinki, Finland", "cable_id": "1624"}, "geometry": {"type": "Point", "coordinates": [24.93249, 60.171075]}}, {"type": "Feature", "properties": {"id": "tallinn-estonia", "name": "Tallinn, Estonia", "cable_id": "1624"}, "geometry": {"type": "Point", "coordinates": [24.752399, 59.4362]}}, {"type": "Feature", "properties": {"id": "stockholm-sweden", "name": "Stockholm, Sweden", "cable_id": "1624"}, "geometry": {"type": "Point", "coordinates": [18.062852, 59.332208]}}, {"type": "Feature", "properties": {"id": "toamasina-madagascar", "name": "Toamasina, Madagascar", "cable_id": "1594"}, "geometry": {"type": "Point", "coordinates": [49.400325, -18.146173]}}, {"type": "Feature", "properties": {"id": "sainte-marie-runion", "name": "Sainte Marie, R\u00e9union", "cable_id": "1594"}, "geometry": {"type": "Point", "coordinates": [55.549931, -20.897368]}}, {"type": "Feature", "properties": {"id": "terre-rouge-mauritius", "name": "Terre Rouge, Mauritius", "cable_id": "1594"}, "geometry": {"type": "Point", "coordinates": [57.510086, -20.077813]}}, {"type": "Feature", "properties": {"id": "penmarch-france", "name": "Penmarch, France", "cable_id": "1629"}, "geometry": {"type": "Point", "coordinates": [-4.338688, 47.811315]}}, {"type": "Feature", "properties": {"id": "nouakchott-mauritania", "name": "Nouakchott, Mauritania", "cable_id": "1629"}, "geometry": {"type": "Point", "coordinates": [-15.978282, 18.083876]}}, {"type": "Feature", "properties": {"id": "dakar-senegal", "name": "Dakar, Senegal", "cable_id": "1629"}, "geometry": {"type": "Point", "coordinates": [-17.451914, 14.686599]}}, {"type": "Feature", "properties": {"id": "banjul-gambia", "name": "Banjul, Gambia", "cable_id": "1629"}, "geometry": {"type": "Point", "coordinates": [-16.581358, 13.455948]}}, {"type": "Feature", "properties": {"id": "conakry-guinea", "name": "Conakry, Guinea", "cable_id": "1629"}, "geometry": {"type": "Point", "coordinates": [-13.70382, 9.513628]}}, {"type": "Feature", "properties": {"id": "freetown-sierra-leone", "name": "Freetown, Sierra Leone", "cable_id": "1629"}, "geometry": {"type": "Point", "coordinates": [-13.238098, 8.485333]}}, {"type": "Feature", "properties": {"id": "monrovia-liberia", "name": "Monrovia, Liberia", "cable_id": "1629"}, "geometry": {"type": "Point", "coordinates": [-10.797181, 6.30008]}}, {"type": "Feature", "properties": {"id": "abidjan-cte-divoire", "name": "Abidjan, C\u00f4te d'Ivoire", "cable_id": "1629"}, "geometry": {"type": "Point", "coordinates": [-4.026237, 5.323518]}}, {"type": "Feature", "properties": {"id": "accra-ghana", "name": "Accra, Ghana", "cable_id": "1629"}, "geometry": {"type": "Point", "coordinates": [-0.201092, 5.558283]}}, {"type": "Feature", "properties": {"id": "cotonou-benin", "name": "Cotonou, Benin", "cable_id": "1629"}, "geometry": {"type": "Point", "coordinates": [2.439922, 6.356574]}}, {"type": "Feature", "properties": {"id": "lagos-nigeria", "name": "Lagos, Nigeria", "cable_id": "1629"}, "geometry": {"type": "Point", "coordinates": [3.42321, 6.438874]}}, {"type": "Feature", "properties": {"id": "libreville-gabon", "name": "Libreville, Gabon", "cable_id": "1629"}, "geometry": {"type": "Point", "coordinates": [9.45436, 0.394272]}}, {"type": "Feature", "properties": {"id": "muanda-congo-dem-rep-", "name": "Muanda, Congo, Dem. Rep.", "cable_id": "1560"}, "geometry": {"type": "Point", "coordinates": [12.349866, -5.933362]}}, {"type": "Feature", "properties": {"id": "point-noire-congo-rep-", "name": "Point Noire, Congo, Rep.", "cable_id": "1560"}, "geometry": {"type": "Point", "coordinates": [11.863636, -4.77909]}}, {"type": "Feature", "properties": {"id": "lagos-nigeria", "name": "Lagos, Nigeria", "cable_id": "1560"}, "geometry": {"type": "Point", "coordinates": [3.42321, 6.438874]}}, {"type": "Feature", "properties": {"id": "lome-togo", "name": "Lome, Togo", "cable_id": "1560"}, "geometry": {"type": "Point", "coordinates": [1.227813, 6.126008]}}, {"type": "Feature", "properties": {"id": "accra-ghana", "name": "Accra, Ghana", "cable_id": "1560"}, "geometry": {"type": "Point", "coordinates": [-0.201092, 5.558283]}}, {"type": "Feature", "properties": {"id": "abidjan-cte-divoire", "name": "Abidjan, C\u00f4te d'Ivoire", "cable_id": "1560"}, "geometry": {"type": "Point", "coordinates": [-4.026237, 5.323518]}}, {"type": "Feature", "properties": {"id": "praia-cape-verde", "name": "Praia, Cape Verde", "cable_id": "1560"}, "geometry": {"type": "Point", "coordinates": [-23.521247, 14.923013]}}, {"type": "Feature", "properties": {"id": "el-goro-canary-islands-spain", "name": "El Goro, Canary Islands, Spain", "cable_id": "1666"}, "geometry": {"type": "Point", "coordinates": [-15.398741, 27.959396]}}, {"type": "Feature", "properties": {"id": "el-goro-canary-islands-spain", "name": "El Goro, Canary Islands, Spain", "cable_id": "1560"}, "geometry": {"type": "Point", "coordinates": [-15.398741, 27.959396]}}, {"type": "Feature", "properties": {"id": "guningtou-taiwan", "name": "Guningtou, Taiwan", "cable_id": "1632"}, "geometry": {"type": "Point", "coordinates": [118.307128, 24.476145]}}, {"type": "Feature", "properties": {"id": "lake-ci-taiwan", "name": "Lake Ci, Taiwan", "cable_id": "1632"}, "geometry": {"type": "Point", "coordinates": [118.289745, 24.455516]}}, {"type": "Feature", "properties": {"id": "bata-equatorial-guinea", "name": "Bata, Equatorial Guinea", "cable_id": "1842"}, "geometry": {"type": "Point", "coordinates": [9.768227, 1.860067]}}, {"type": "Feature", "properties": {"id": "bata-equatorial-guinea", "name": "Bata, Equatorial Guinea", "cable_id": "1699"}, "geometry": {"type": "Point", "coordinates": [9.768227, 1.860067]}}, {"type": "Feature", "properties": {"id": "bata-equatorial-guinea", "name": "Bata, Equatorial Guinea", "cable_id": "1629"}, "geometry": {"type": "Point", "coordinates": [9.768227, 1.860067]}}, {"type": "Feature", "properties": {"id": "dadeng-island-china", "name": "Dadeng Island, China", "cable_id": "1632"}, "geometry": {"type": "Point", "coordinates": [118.300975, 24.556736]}}, {"type": "Feature", "properties": {"id": "guanyin-mountain-china", "name": "Guanyin Mountain, China", "cable_id": "1632"}, "geometry": {"type": "Point", "coordinates": [118.188964, 24.493919]}}, {"type": "Feature", "properties": {"id": "maldonado-uruguay", "name": "Maldonado, Uruguay", "cable_id": "1633"}, "geometry": {"type": "Point", "coordinates": [-54.950175, -34.900389]}}, {"type": "Feature", "properties": {"id": "las-toninas-argentina", "name": "Las Toninas, Argentina", "cable_id": "1633"}, "geometry": {"type": "Point", "coordinates": [-56.695487, -36.472532]}}, {"type": "Feature", "properties": {"id": "st-davids-bermuda", "name": "St. David\u2019s, Bermuda", "cable_id": "1634"}, "geometry": {"type": "Point", "coordinates": [-64.769506, 32.312238]}}, {"type": "Feature", "properties": {"id": "holyhead-united-kingdom", "name": "Holyhead, United Kingdom", "cable_id": "1684"}, "geometry": {"type": "Point", "coordinates": [-4.630387, 53.306039]}}, {"type": "Feature", "properties": {"id": "holyhead-united-kingdom", "name": "Holyhead, United Kingdom", "cable_id": "1641"}, "geometry": {"type": "Point", "coordinates": [-4.630387, 53.306039]}}, {"type": "Feature", "properties": {"id": "dublin-ireland", "name": "Dublin, Ireland", "cable_id": "1641"}, "geometry": {"type": "Point", "coordinates": [-6.248257, 53.348043]}}, {"type": "Feature", "properties": {"id": "batam-indonesia", "name": "Batam, Indonesia", "cable_id": "1648"}, "geometry": {"type": "Point", "coordinates": [103.962506, 1.134726]}}, {"type": "Feature", "properties": {"id": "dumai-indonesia", "name": "Dumai, Indonesia", "cable_id": "1648"}, "geometry": {"type": "Point", "coordinates": [101.447565, 1.665316]}}, {"type": "Feature", "properties": {"id": "tortola-virgin-islands-u-k-", "name": "Tortola, Virgin Islands (U.K.)", "cable_id": "1727"}, "geometry": {"type": "Point", "coordinates": [-64.597241, 18.414784]}}, {"type": "Feature", "properties": {"id": "tortola-virgin-islands-u-k-", "name": "Tortola, Virgin Islands (U.K.)", "cable_id": "1634"}, "geometry": {"type": "Point", "coordinates": [-64.597241, 18.414784]}}, {"type": "Feature", "properties": {"id": "mumbai-india", "name": "Mumbai, India", "cable_id": "1598"}, "geometry": {"type": "Point", "coordinates": [72.875899, 19.075794]}}, {"type": "Feature", "properties": {"id": "al-faw-iraq", "name": "Al-Faw, Iraq", "cable_id": "1598"}, "geometry": {"type": "Point", "coordinates": [48.53177, 29.923299]}}, {"type": "Feature", "properties": {"id": "kuwait-city-kuwait", "name": "Kuwait City, Kuwait", "cable_id": "1598"}, "geometry": {"type": "Point", "coordinates": [47.974739, 29.374019]}}, {"type": "Feature", "properties": {"id": "bushehr-iran", "name": "Bushehr, Iran", "cable_id": "1598"}, "geometry": {"type": "Point", "coordinates": [50.842707, 28.970015]}}, {"type": "Feature", "properties": {"id": "al-khobar-saudi-arabia", "name": "Al Khobar, Saudi Arabia", "cable_id": "1598"}, "geometry": {"type": "Point", "coordinates": [50.214191, 26.286167]}}, {"type": "Feature", "properties": {"id": "fujairah-united-arab-emirates", "name": "Fujairah, United Arab Emirates", "cable_id": "1598"}, "geometry": {"type": "Point", "coordinates": [56.33372, 25.12169]}}, {"type": "Feature", "properties": {"id": "chikura-japan", "name": "Chikura, Japan", "cable_id": "1604"}, "geometry": {"type": "Point", "coordinates": [139.954652, 34.976653]}}, {"type": "Feature", "properties": {"id": "shantou-china", "name": "Shantou, China", "cable_id": "1604"}, "geometry": {"type": "Point", "coordinates": [116.675488, 23.354552]}}, {"type": "Feature", "properties": {"id": "nasugbu-philippines", "name": "Nasugbu, Philippines", "cable_id": "1604"}, "geometry": {"type": "Point", "coordinates": [120.695798, 14.317398]}}, {"type": "Feature", "properties": {"id": "tuas-singapore", "name": "Tuas, Singapore", "cable_id": "1604"}, "geometry": {"type": "Point", "coordinates": [103.647076, 1.338193]}}, {"type": "Feature", "properties": {"id": "breivika-norway", "name": "Breivika, Norway", "cable_id": "1651"}, "geometry": {"type": "Point", "coordinates": [16.553185, 68.735048]}}, {"type": "Feature", "properties": {"id": "longyearbyen-svalbard-norway", "name": "Longyearbyen, Svalbard, Norway", "cable_id": "1651"}, "geometry": {"type": "Point", "coordinates": [15.64879, 78.218527]}}, {"type": "Feature", "properties": {"id": "auckland-new-zealand", "name": "Auckland, New Zealand", "cable_id": "1487"}, "geometry": {"type": "Point", "coordinates": [174.770455, -36.884421]}}, {"type": "Feature", "properties": {"id": "tenerife-canary-islands-spain", "name": "Tenerife, Canary Islands, Spain", "cable_id": "1666"}, "geometry": {"type": "Point", "coordinates": [-16.522764, 28.292782]}}, {"type": "Feature", "properties": {"id": "pentaskhinos-cyprus", "name": "Pentaskhinos, Cyprus", "cable_id": "1573"}, "geometry": {"type": "Point", "coordinates": [33.603555, 34.828484]}}, {"type": "Feature", "properties": {"id": "fuzhou-china", "name": "Fuzhou, China", "cable_id": "1636"}, "geometry": {"type": "Point", "coordinates": [119.303221, 26.071091]}}, {"type": "Feature", "properties": {"id": "highbridge-united-kingdom", "name": "Highbridge, United Kingdom", "cable_id": "1560"}, "geometry": {"type": "Point", "coordinates": [-2.975017, 51.222226]}}, {"type": "Feature", "properties": {"id": "seixal-portugal", "name": "Seixal, Portugal", "cable_id": "1560"}, "geometry": {"type": "Point", "coordinates": [-9.107387, 38.642276]}}, {"type": "Feature", "properties": {"id": "yzerfontein-south-africa", "name": "Yzerfontein, South Africa", "cable_id": "1560"}, "geometry": {"type": "Point", "coordinates": [18.155528, -33.348217]}}, {"type": "Feature", "properties": {"id": "swakopmund-namibia", "name": "Swakopmund, Namibia", "cable_id": "1560"}, "geometry": {"type": "Point", "coordinates": [14.528088, -22.678324]}}, {"type": "Feature", "properties": {"id": "limbe-cameroon", "name": "Limbe, Cameroon", "cable_id": "1560"}, "geometry": {"type": "Point", "coordinates": [9.208462, 4.01451]}}, {"type": "Feature", "properties": {"id": "oran-algeria", "name": "Oran, Algeria", "cable_id": "1664"}, "geometry": {"type": "Point", "coordinates": [-0.641961, 35.701641]}}, {"type": "Feature", "properties": {"id": "valencia-spain", "name": "Valencia, Spain", "cable_id": "1696"}, "geometry": {"type": "Point", "coordinates": [-0.376971, 39.468314]}}, {"type": "Feature", "properties": {"id": "valencia-spain", "name": "Valencia, Spain", "cable_id": "1664"}, "geometry": {"type": "Point", "coordinates": [-0.376971, 39.468314]}}, {"type": "Feature", "properties": {"id": "abu-talat-egypt", "name": "Abu Talat, Egypt", "cable_id": "1573"}, "geometry": {"type": "Point", "coordinates": [29.702482, 31.071845]}}, {"type": "Feature", "properties": {"id": "zafarana-egypt", "name": "Zafarana, Egypt", "cable_id": "1580"}, "geometry": {"type": "Point", "coordinates": [32.649844, 29.116683]}}, {"type": "Feature", "properties": {"id": "abu-talat-egypt", "name": "Abu Talat, Egypt", "cable_id": "1580"}, "geometry": {"type": "Point", "coordinates": [29.702482, 31.071845]}}, {"type": "Feature", "properties": {"id": "swakopmund-namibia", "name": "Swakopmund, Namibia", "cable_id": "1629"}, "geometry": {"type": "Point", "coordinates": [14.528088, -22.678324]}}, {"type": "Feature", "properties": {"id": "cape-town-south-africa", "name": "Cape Town, South Africa", "cable_id": "1929"}, "geometry": {"type": "Point", "coordinates": [18.421934, -33.919164]}}, {"type": "Feature", "properties": {"id": "santana-sao-tome-and-principe", "name": "Santana, Sao Tome and Principe", "cable_id": "1629"}, "geometry": {"type": "Point", "coordinates": [6.532877, 0.85958]}}, {"type": "Feature", "properties": {"id": "luanda-angola", "name": "Luanda, Angola", "cable_id": "1709"}, "geometry": {"type": "Point", "coordinates": [13.235022, -8.812852]}}, {"type": "Feature", "properties": {"id": "luanda-angola", "name": "Luanda, Angola", "cable_id": "1629"}, "geometry": {"type": "Point", "coordinates": [13.235022, -8.812852]}}, {"type": "Feature", "properties": {"id": "muanda-congo-dem-rep-", "name": "Muanda, Congo, Dem. Rep.", "cable_id": "1629"}, "geometry": {"type": "Point", "coordinates": [12.349866, -5.933362]}}, {"type": "Feature", "properties": {"id": "tenerife-canary-islands-spain", "name": "Tenerife, Canary Islands, Spain", "cable_id": "1629"}, "geometry": {"type": "Point", "coordinates": [-16.522764, 28.292782]}}, {"type": "Feature", "properties": {"id": "kribi-cameroon", "name": "Kribi, Cameroon", "cable_id": "1629"}, "geometry": {"type": "Point", "coordinates": [9.910414, 2.932918]}}, {"type": "Feature", "properties": {"id": "kribi-cameroon", "name": "Kribi, Cameroon", "cable_id": "1856"}, "geometry": {"type": "Point", "coordinates": [9.910414, 2.932918]}}, {"type": "Feature", "properties": {"id": "kribi-cameroon", "name": "Kribi, Cameroon", "cable_id": "1821"}, "geometry": {"type": "Point", "coordinates": [9.910414, 2.932918]}}, {"type": "Feature", "properties": {"id": "kribi-cameroon", "name": "Kribi, Cameroon", "cable_id": "1842"}, "geometry": {"type": "Point", "coordinates": [9.910414, 2.932918]}}, {"type": "Feature", "properties": {"id": "darnah-libya", "name": "Darnah, Libya", "cable_id": "1184"}, "geometry": {"type": "Point", "coordinates": [22.639217, 32.763556]}}, {"type": "Feature", "properties": {"id": "darnah-libya", "name": "Darnah, Libya", "cable_id": "1665"}, "geometry": {"type": "Point", "coordinates": [22.639217, 32.763556]}}, {"type": "Feature", "properties": {"id": "chania-greece", "name": "Chania, Greece", "cable_id": "1665"}, "geometry": {"type": "Point", "coordinates": [24.012165, 35.511809]}}, {"type": "Feature", "properties": {"id": "harbour-view-jamaica", "name": "Harbour View, Jamaica", "cable_id": "1671"}, "geometry": {"type": "Point", "coordinates": [-76.716864, 17.949671]}}, {"type": "Feature", "properties": {"id": "haina-dominican-republic", "name": "Haina, Dominican Republic", "cable_id": "1671"}, "geometry": {"type": "Point", "coordinates": [-70.161838, 18.699]}}, {"type": "Feature", "properties": {"id": "nanny-cay-virgin-islands-u-k-", "name": "Nanny Cay, Virgin Islands (U.K.)", "cable_id": "1671"}, "geometry": {"type": "Point", "coordinates": [-64.597241, 18.414784]}}, {"type": "Feature", "properties": {"id": "nyali-kenya", "name": "Nyali, Kenya", "cable_id": "1667"}, "geometry": {"type": "Point", "coordinates": [39.700036, -4.050501]}}, {"type": "Feature", "properties": {"id": "kaweni-mayotte", "name": "Kaweni, Mayotte", "cable_id": "1915"}, "geometry": {"type": "Point", "coordinates": [45.165854, -12.817099]}}, {"type": "Feature", "properties": {"id": "kaweni-mayotte", "name": "Kaweni, Mayotte", "cable_id": "1667"}, "geometry": {"type": "Point", "coordinates": [45.165854, -12.817099]}}, {"type": "Feature", "properties": {"id": "amwaj-island-bahrain", "name": "Amwaj Island, Bahrain", "cable_id": "1631"}, "geometry": {"type": "Point", "coordinates": [50.575812, 26.228977]}}, {"type": "Feature", "properties": {"id": "al-kheesa-qatar", "name": "Al-Kheesa, Qatar", "cable_id": "1631"}, "geometry": {"type": "Point", "coordinates": [51.519367, 25.294346]}}, {"type": "Feature", "properties": {"id": "al-khobar-saudi-arabia", "name": "Al Khobar, Saudi Arabia", "cable_id": "1631"}, "geometry": {"type": "Point", "coordinates": [50.214191, 26.286167]}}, {"type": "Feature", "properties": {"id": "dubai-united-arab-emirates", "name": "Dubai, United Arab Emirates", "cable_id": "1631"}, "geometry": {"type": "Point", "coordinates": [55.308427, 25.269346]}}, {"type": "Feature", "properties": {"id": "victoria-seychelles", "name": "Victoria, Seychelles", "cable_id": "1672"}, "geometry": {"type": "Point", "coordinates": [55.445048, -4.617615]}}, {"type": "Feature", "properties": {"id": "dar-es-salaam-tanzania", "name": "Dar Es Salaam, Tanzania", "cable_id": "1672"}, "geometry": {"type": "Point", "coordinates": [39.269665, -6.823229]}}, {"type": "Feature", "properties": {"id": "halifax-nova-scotia-canada", "name": "Halifax, Nova Scotia, Canada", "cable_id": "1673"}, "geometry": {"type": "Point", "coordinates": [-63.57395, 44.645801]}}, {"type": "Feature", "properties": {"id": "brean-united-kingdom", "name": "Brean, United Kingdom", "cable_id": "1835"}, "geometry": {"type": "Point", "coordinates": [-3.010905, 51.293735]}}, {"type": "Feature", "properties": {"id": "brean-united-kingdom", "name": "Brean, United Kingdom", "cable_id": "1673"}, "geometry": {"type": "Point", "coordinates": [-3.010905, 51.293735]}}, {"type": "Feature", "properties": {"id": "tel-aviv-israel", "name": "Tel Aviv, Israel", "cable_id": "1677"}, "geometry": {"type": "Point", "coordinates": [34.769668, 32.044599]}}, {"type": "Feature", "properties": {"id": "bari-italy", "name": "Bari, Italy", "cable_id": "1677"}, "geometry": {"type": "Point", "coordinates": [16.866661, 41.12549]}}, {"type": "Feature", "properties": {"id": "al-seeb-oman", "name": "Al Seeb, Oman", "cable_id": "1598"}, "geometry": {"type": "Point", "coordinates": [58.176102, 23.684703]}}, {"type": "Feature", "properties": {"id": "al-hidd-bahrain", "name": "Al Hidd, Bahrain", "cable_id": "1598"}, "geometry": {"type": "Point", "coordinates": [50.656183, 26.241586]}}, {"type": "Feature", "properties": {"id": "al-daayen-qatar", "name": "Al Daayen, Qatar", "cable_id": "1598"}, "geometry": {"type": "Point", "coordinates": [51.451886, 25.538584]}}, {"type": "Feature", "properties": {"id": "melaka-malaysia", "name": "Melaka, Malaysia", "cable_id": "1648"}, "geometry": {"type": "Point", "coordinates": [102.220905, 2.273177]}}, {"type": "Feature", "properties": {"id": "qalhat-oman", "name": "Qalhat, Oman", "cable_id": "1559"}, "geometry": {"type": "Point", "coordinates": [58.591043, 23.615098]}}, {"type": "Feature", "properties": {"id": "qalhat-oman", "name": "Qalhat, Oman", "cable_id": "1631"}, "geometry": {"type": "Point", "coordinates": [58.591043, 23.615098]}}, {"type": "Feature", "properties": {"id": "fujairah-united-arab-emirates", "name": "Fujairah, United Arab Emirates", "cable_id": "1631"}, "geometry": {"type": "Point", "coordinates": [56.33372, 25.12169]}}, {"type": "Feature", "properties": {"id": "chung-hom-kok-hong-kong-china", "name": "Chung Hom Kok, Hong Kong, China", "cable_id": "1604"}, "geometry": {"type": "Point", "coordinates": [114.205665, 22.225036]}}, {"type": "Feature", "properties": {"id": "telisai-brunei", "name": "Telisai, Brunei", "cable_id": "1604"}, "geometry": {"type": "Point", "coordinates": [114.570606, 4.703718]}}, {"type": "Feature", "properties": {"id": "perth-australia", "name": "Perth, Australia", "cable_id": "1683"}, "geometry": {"type": "Point", "coordinates": [115.857227, -31.953442]}}, {"type": "Feature", "properties": {"id": "singapore-singapore", "name": "Singapore, Singapore", "cable_id": "1833"}, "geometry": {"type": "Point", "coordinates": [103.853033, 1.293661]}}, {"type": "Feature", "properties": {"id": "singapore-singapore", "name": "Singapore, Singapore", "cable_id": "1785"}, "geometry": {"type": "Point", "coordinates": [103.853033, 1.293661]}}]}